DATE ADDED TO CATALOG	PUBMEDID	FIRST AUTHOR	DATE	JOURNAL	LINK	STUDY	DISEASE/TRAIT	INITIAL SAMPLE SIZE	REPLICATION SAMPLE SIZE	REGION	CHR_ID	CHR_POS	REPORTED GENE(S)	MAPPED_GENE	UPSTREAM_GENE_ID	DOWNSTREAM_GENE_ID	SNP_GENE_IDS	UPSTREAM_GENE_DISTANCE	DOWNSTREAM_GENE_DISTANCE	STRONGEST SNP-RISK ALLELE	SNPS	MERGED	SNP_ID_CURRENT	CONTEXT	INTERGENIC	RISK ALLELE FREQUENCY	P-VALUE	PVALUE_MLOG	P-VALUE (TEXT)	OR or BETA	95% CI (TEXT)	PLATFORM [SNPS PASSING QC]	CNV	MAPPED_TRAIT	MAPPED_TRAIT_URI	STUDY ACCESSION	GENOTYPING TECHNOLOGY
2014-10-01	24489884	Mick E	2014-01-01	PLoS One	www.ncbi.nlm.nih.gov/pubmed/24489884	Genome-wide association study of proneness to anger.	Anger	8,747 European ancestry individuals	NA	2p14	2	68352799	PLEK	CNRIP1 - AC015969.1	ENSG00000119865	ENSG00000203395		32748	8415	rs7578047-C	rs7578047	0	7578047	regulatory_region_variant	1	0.142	4E-6	5.3979400086720375	(Reaction)	0.22	[NR] unit decrease	Affymetrix [677643]	N	aggressive behavior	http://www.ebi.ac.uk/efo/EFO_0003015	GCST002324	Genome-wide genotyping array
2014-10-01	24489884	Mick E	2014-01-01	PLoS One	www.ncbi.nlm.nih.gov/pubmed/24489884	Genome-wide association study of proneness to anger.	Anger	8,747 European ancestry individuals	NA	Xp22.11	X	22221603	PHEX	PTCHD1-AS, PHEX			ENSG00000233067, ENSG00000102174			rs3752433-A	rs3752433	0	3752433	intron_variant	0	0.312	3E-7	6.522878745280337	(Reaction)	0.15	[NR] unit increase	Affymetrix [677643]	N	aggressive behavior	http://www.ebi.ac.uk/efo/EFO_0003015	GCST002324	Genome-wide genotyping array
2014-10-01	24489884	Mick E	2014-01-01	PLoS One	www.ncbi.nlm.nih.gov/pubmed/24489884	Genome-wide association study of proneness to anger.	Anger	8,747 European ancestry individuals	NA	6p22.3	6	20184820	MBOAT1	MBOAT1			ENSG00000172197			rs555017-T	rs555017	0	555017	intron_variant	0	0.369	4E-6	5.3979400086720375	(Reaction)	0.15	[NR] unit increase	Affymetrix [677643]	N	aggressive behavior	http://www.ebi.ac.uk/efo/EFO_0003015	GCST002324	Genome-wide genotyping array
2014-10-01	24489884	Mick E	2014-01-01	PLoS One	www.ncbi.nlm.nih.gov/pubmed/24489884	Genome-wide association study of proneness to anger.	Anger	8,747 European ancestry individuals	NA	6q21	6	111801023	FYN	FYN			ENSG00000010810			rs2148710-T	rs2148710	0	2148710	intron_variant	0	0.137	3E-8	7.522878745280337	(Temperament)	0.22	[NR] unit increase	Affymetrix [677643]	N	aggressive behavior	http://www.ebi.ac.uk/efo/EFO_0003015	GCST002324	Genome-wide genotyping array
2014-10-01	24489884	Mick E	2014-01-01	PLoS One	www.ncbi.nlm.nih.gov/pubmed/24489884	Genome-wide association study of proneness to anger.	Anger	8,747 European ancestry individuals	NA	7p14.2	7	35546596	intergenic	AC007652.1 - AC018647.3	ENSG00000235464	ENSG00000287032		36333	68054	rs6954895-G	rs6954895	0	6954895	intergenic_variant	1	0.257	2E-7	6.698970004336019	(Temperament)	0.16	[NR] unit increase	Affymetrix [677643]	N	aggressive behavior	http://www.ebi.ac.uk/efo/EFO_0003015	GCST002324	Genome-wide genotyping array
2014-10-01	24489884	Mick E	2014-01-01	PLoS One	www.ncbi.nlm.nih.gov/pubmed/24489884	Genome-wide association study of proneness to anger.	Anger	8,747 European ancestry individuals	NA	6p22.1	6	30211645	TRIM31, TRIM10, PPP1R11, TRIM40, TRIM15, HLA-A29.1, TRIM26, HCG9, ZNRD1, RNF39	TRIM26, TRIM26, TRIM26, TRIM26, TRIM26, TRIM26, TRIM26			ENSG00000226060, ENSG00000231641, ENSG00000234127, ENSG00000234046, ENSG00000230230, ENSG00000228881, ENSG00000137313			rs2844775-A	rs2844775	0	2844775	intron_variant	0	0.25	8E-7	6.096910013008056	(Temperament)	0.15	[NR] unit decrease	Affymetrix [677643]	N	aggressive behavior	http://www.ebi.ac.uk/efo/EFO_0003015	GCST002324	Genome-wide genotyping array
2014-10-01	24489884	Mick E	2014-01-01	PLoS One	www.ncbi.nlm.nih.gov/pubmed/24489884	Genome-wide association study of proneness to anger.	Anger	8,747 European ancestry individuals	NA	6q25.1	6	150381711	IYD	IYD			ENSG00000009765			rs670292-C	rs670292	0	670292	intron_variant	0	0.466	2E-6	5.698970004336019	(Temperament)	0.13	[NR] unit increase	Affymetrix [677643]	N	aggressive behavior	http://www.ebi.ac.uk/efo/EFO_0003015	GCST002324	Genome-wide genotyping array
2014-10-01	24489884	Mick E	2014-01-01	PLoS One	www.ncbi.nlm.nih.gov/pubmed/24489884	Genome-wide association study of proneness to anger.	Anger	8,747 European ancestry individuals	NA	11p13	11	33303830	TCP11L1, HIPK3, CSTF3	HIPK3			ENSG00000110422			rs16924133-A	rs16924133	0	16924133	intron_variant	0	0.028	2E-6	5.698970004336019	(Temperament)	0.38	[NR] unit increase	Affymetrix [677643]	N	aggressive behavior	http://www.ebi.ac.uk/efo/EFO_0003015	GCST002324	Genome-wide genotyping array
2014-10-01	24489884	Mick E	2014-01-01	PLoS One	www.ncbi.nlm.nih.gov/pubmed/24489884	Genome-wide association study of proneness to anger.	Anger	8,747 European ancestry individuals	NA	10q25.3	10	116539194	PNLIP, PNLIPRP1	RNU6-1090P - PNLIP	ENSG00000200935	ENSG00000175535		918	6737	rs12249434-A	rs12249434	0	12249434	intergenic_variant	1	0.088	4E-6	5.3979400086720375	(Temperament)	0.22	[NR] unit increase	Affymetrix [677643]	N	aggressive behavior	http://www.ebi.ac.uk/efo/EFO_0003015	GCST002324	Genome-wide genotyping array
2014-10-01	24489884	Mick E	2014-01-01	PLoS One	www.ncbi.nlm.nih.gov/pubmed/24489884	Genome-wide association study of proneness to anger.	Anger	8,747 European ancestry individuals	NA	4q35.2	4	188644016	intergenic	LINC01060, LINC01060			ENSG00000281580, ENSG00000249378			rs6834498-A	rs6834498	0	6834498	intron_variant	0	0.181	5E-6	5.301029995663981	(Temperament)	0.16	[NR] unit decrease	Affymetrix [677643]	N	aggressive behavior	http://www.ebi.ac.uk/efo/EFO_0003015	GCST002324	Genome-wide genotyping array
2014-10-01	24489884	Mick E	2014-01-01	PLoS One	www.ncbi.nlm.nih.gov/pubmed/24489884	Genome-wide association study of proneness to anger.	Anger	8,747 European ancestry individuals	NA	20q13.13	20	48925063	ARFGEF2, STAU1, CSE1L	ARFGEF2			ENSG00000124198			rs6012564-G	rs6012564	0	6012564	intron_variant	0	0.406	7E-6	5.154901959985743	(Temperament)	0.12	[NR] unit increase	Affymetrix [677643]	N	aggressive behavior	http://www.ebi.ac.uk/efo/EFO_0003015	GCST002324	Genome-wide genotyping array
2014-10-01	24489884	Mick E	2014-01-01	PLoS One	www.ncbi.nlm.nih.gov/pubmed/24489884	Genome-wide association study of proneness to anger.	Anger	8,747 European ancestry individuals	NA	16p13.2	16	8777224	ABAT	ABAT			ENSG00000183044			rs1299926-T	rs1299926	0	1299926	intron_variant	0	0.054	8E-6	5.096910013008056	(Temperament)	0.26	[NR] unit increase	Affymetrix [677643]	N	aggressive behavior	http://www.ebi.ac.uk/efo/EFO_0003015	GCST002324	Genome-wide genotyping array
2014-10-01	24489884	Mick E	2014-01-01	PLoS One	www.ncbi.nlm.nih.gov/pubmed/24489884	Genome-wide association study of proneness to anger.	Anger	8,747 European ancestry individuals	NA	19q12	19	28998135	intergenic	LINC00906 - RNA5SP470	ENSG00000267339	ENSG00000252272		27261	3535	rs8102754-A	rs8102754	0	8102754	intergenic_variant	1	0.454	8E-6	5.096910013008056	(Temperament)	0.12	[NR] unit increase	Affymetrix [677643]	N	aggressive behavior	http://www.ebi.ac.uk/efo/EFO_0003015	GCST002324	Genome-wide genotyping array
2014-10-01	24489884	Mick E	2014-01-01	PLoS One	www.ncbi.nlm.nih.gov/pubmed/24489884	Genome-wide association study of proneness to anger.	Anger	8,747 European ancestry individuals	NA	1q43	1	240462131	FMN2	FMN2			ENSG00000155816			rs16840114-C	rs16840114	0	16840114	intron_variant	0	0.06	9E-6	5.045757490560675	(Temperament)	0.25	[NR] unit increase	Affymetrix [677643]	N	aggressive behavior	http://www.ebi.ac.uk/efo/EFO_0003015	GCST002324	Genome-wide genotyping array
2018-11-30	29855537	Hirata T	2018-05-31	Sci Rep	www.ncbi.nlm.nih.gov/pubmed/29855537	Japanese GWAS identifies variants for bust-size, dysmenorrhea, and menstrual fever that are eQTLs for relevant protein-coding or long non-coding RNAs.	Menstruation quality of life impact (aggressiveness)	899 Japanese ancestry female cases, 4,835 Japanese ancestry female controls	1,030 Japanese ancestry female cases, 4,584 Japanese ancestry female controls	12q24.32	12	125812444	NR	AC005252.2 - AC005252.4	ENSG00000280125	ENSG00000286209		2636	45688	rs7136488-T	rs7136488	0	7136488	intergenic_variant	1	0.439122205	9E-6	5.045757490560675		0.16040507	[0.089-0.231] unit decrease	Affymetrix [536506]	N	quality of life during menstruation measurement, aggressive behavior	http://www.ebi.ac.uk/efo/EFO_0009366, http://www.ebi.ac.uk/efo/EFO_0003015	GCST006641	Genome-wide genotyping array
2018-11-30	29855537	Hirata T	2018-05-31	Sci Rep	www.ncbi.nlm.nih.gov/pubmed/29855537	Japanese GWAS identifies variants for bust-size, dysmenorrhea, and menstrual fever that are eQTLs for relevant protein-coding or long non-coding RNAs.	Menstruation quality of life impact (aggressiveness)	899 Japanese ancestry female cases, 4,835 Japanese ancestry female controls	1,030 Japanese ancestry female cases, 4,584 Japanese ancestry female controls	15q12	15	27114416	NR	GABRG3-AS1, GABRG3			ENSG00000228740, ENSG00000182256			rs4410042-G	rs4410042	0	4410042	intron_variant	0	0.345607582	4E-6	5.3979400086720375		0.17629494	[0.1-0.25] unit decrease	Affymetrix [536506]	N	quality of life during menstruation measurement, aggressive behavior	http://www.ebi.ac.uk/efo/EFO_0009366, http://www.ebi.ac.uk/efo/EFO_0003015	GCST006641	Genome-wide genotyping array
2018-11-30	29855537	Hirata T	2018-05-31	Sci Rep	www.ncbi.nlm.nih.gov/pubmed/29855537	Japanese GWAS identifies variants for bust-size, dysmenorrhea, and menstrual fever that are eQTLs for relevant protein-coding or long non-coding RNAs.	Menstruation quality of life impact (aggressiveness)	899 Japanese ancestry female cases, 4,835 Japanese ancestry female controls	1,030 Japanese ancestry female cases, 4,584 Japanese ancestry female controls	5q34	5	160904903	NR	ATP10B - LINC02159	ENSG00000118322	ENSG00000253417		52689	26875	rs9790919-A	rs9790919	0	9790919	intergenic_variant	1	0.154318579	2E-6	5.698970004336019		0.24943858	[0.15-0.35] unit decrease	Affymetrix [536506]	N	quality of life during menstruation measurement, aggressive behavior	http://www.ebi.ac.uk/efo/EFO_0009366, http://www.ebi.ac.uk/efo/EFO_0003015	GCST006641	Genome-wide genotyping array
2018-11-30	29855537	Hirata T	2018-05-31	Sci Rep	www.ncbi.nlm.nih.gov/pubmed/29855537	Japanese GWAS identifies variants for bust-size, dysmenorrhea, and menstrual fever that are eQTLs for relevant protein-coding or long non-coding RNAs.	Menstruation quality of life impact (aggressiveness)	899 Japanese ancestry female cases, 4,835 Japanese ancestry female controls	1,030 Japanese ancestry female cases, 4,584 Japanese ancestry female controls	18q21.32	18	59882031	NR	AC098847.1 - PMAIP1	ENSG00000267669	ENSG00000141682		56770	17917	rs7242599-G	rs7242599	0	7242599	intergenic_variant	1	0.645120631	9E-6	5.045757490560675		0.16764931	[0.094-0.242] unit increase	Affymetrix [536506]	N	quality of life during menstruation measurement, aggressive behavior	http://www.ebi.ac.uk/efo/EFO_0009366, http://www.ebi.ac.uk/efo/EFO_0003015	GCST006641	Genome-wide genotyping array
2018-11-30	29855537	Hirata T	2018-05-31	Sci Rep	www.ncbi.nlm.nih.gov/pubmed/29855537	Japanese GWAS identifies variants for bust-size, dysmenorrhea, and menstrual fever that are eQTLs for relevant protein-coding or long non-coding RNAs.	Menstruation quality of life impact (aggressiveness)	899 Japanese ancestry female cases, 4,835 Japanese ancestry female controls	1,030 Japanese ancestry female cases, 4,584 Japanese ancestry female controls	9q22.1	9	88803827	NR	AL390791.1 - PCNPP2	ENSG00000286414	ENSG00000225856		111	167060	rs17054506-C	rs17054506	0	17054506	regulatory_region_variant	1	0.563352667	7E-6	5.154901959985743		0.1610547	[0.091-0.231] unit decrease	Affymetrix [536506]	N	quality of life during menstruation measurement, aggressive behavior	http://www.ebi.ac.uk/efo/EFO_0009366, http://www.ebi.ac.uk/efo/EFO_0003015	GCST006641	Genome-wide genotyping array
