DATE ADDED TO CATALOG	PUBMEDID	FIRST AUTHOR	DATE	JOURNAL	LINK	STUDY	DISEASE/TRAIT	INITIAL SAMPLE SIZE	REPLICATION SAMPLE SIZE	REGION	CHR_ID	CHR_POS	REPORTED GENE(S)	MAPPED_GENE	UPSTREAM_GENE_ID	DOWNSTREAM_GENE_ID	SNP_GENE_IDS	UPSTREAM_GENE_DISTANCE	DOWNSTREAM_GENE_DISTANCE	STRONGEST SNP-RISK ALLELE	SNPS	MERGED	SNP_ID_CURRENT	CONTEXT	INTERGENIC	RISK ALLELE FREQUENCY	P-VALUE	PVALUE_MLOG	P-VALUE (TEXT)	OR or BETA	95% CI (TEXT)	PLATFORM [SNPS PASSING QC]	CNV	MAPPED_TRAIT	MAPPED_TRAIT_URI	STUDY ACCESSION	GENOTYPING TECHNOLOGY
2015-07-28	25188341	Beecham GW	2014-09-04	PLoS Genet	www.ncbi.nlm.nih.gov/pubmed/25188341	Genome-wide association meta-analysis of neuropathologic features of Alzheimer's disease and related dementias.	Dementia and core Alzheimer's disease neuropathologic changes	up to 3,887 cases, up to 1,027 controls	NA				ABCG1							chr21:43678066-T	chr21:43678066	0			1	0.0107	7E-6	5.154901959985743	(Primary)	1.6947	[0.96-2.43] unit decrease	Affymetrix, Illumina [NR] (imputed)	N	Dementia, Alzheimer's disease neuropathologic change	http://purl.obolibrary.org/obo/HP_0000726, http://www.ebi.ac.uk/efo/EFO_0006801	GCST002593	Genome-wide genotyping array
2015-07-28	25188341	Beecham GW	2014-09-04	PLoS Genet	www.ncbi.nlm.nih.gov/pubmed/25188341	Genome-wide association meta-analysis of neuropathologic features of Alzheimer's disease and related dementias.	Dementia and core Alzheimer's disease neuropathologic changes	up to 3,887 cases, up to 1,027 controls	NA				MTIF2							chr2:55470453-C	chr2:55470453	0			1	0.9879	9E-6	5.045757490560675	(Primary)	1.6314	[0.91-2.35] unit increase	Affymetrix, Illumina [NR] (imputed)	N	Dementia, Alzheimer's disease neuropathologic change	http://purl.obolibrary.org/obo/HP_0000726, http://www.ebi.ac.uk/efo/EFO_0006801	GCST002593	Genome-wide genotyping array
2015-07-28	25188341	Beecham GW	2014-09-04	PLoS Genet	www.ncbi.nlm.nih.gov/pubmed/25188341	Genome-wide association meta-analysis of neuropathologic features of Alzheimer's disease and related dementias.	Dementia and core Alzheimer's disease neuropathologic changes	up to 3,887 cases, up to 1,027 controls	NA	2q14.3	2	127135234	BIN1	BIN1 - AC110926.2	ENSG00000136717	ENSG00000286400		27946	6742	rs6733839-T	rs6733839	0	6733839	regulatory_region_variant	1	0.43	3E-6	5.522878745280337	(Primary)	0.3288	[0.19-0.47] unit increase	Affymetrix, Illumina [NR] (imputed)	N	Dementia, Alzheimer's disease neuropathologic change	http://purl.obolibrary.org/obo/HP_0000726, http://www.ebi.ac.uk/efo/EFO_0006801	GCST002593	Genome-wide genotyping array
2015-07-28	25188341	Beecham GW	2014-09-04	PLoS Genet	www.ncbi.nlm.nih.gov/pubmed/25188341	Genome-wide association meta-analysis of neuropathologic features of Alzheimer's disease and related dementias.	Dementia and core Alzheimer's disease neuropathologic changes	up to 3,887 cases, up to 1,027 controls	NA				intergenic							chr1:96582508-A	chr1:96582508	0			1	0.0142	9E-6	5.045757490560675	(Complete)	1.6052	[0.9-2.31] unit decrease	Affymetrix, Illumina [NR] (imputed)	N	Dementia, Alzheimer's disease neuropathologic change	http://purl.obolibrary.org/obo/HP_0000726, http://www.ebi.ac.uk/efo/EFO_0006801	GCST002593	Genome-wide genotyping array
2015-07-28	25188341	Beecham GW	2014-09-04	PLoS Genet	www.ncbi.nlm.nih.gov/pubmed/25188341	Genome-wide association meta-analysis of neuropathologic features of Alzheimer's disease and related dementias.	Dementia and core Alzheimer's disease neuropathologic changes	up to 3,887 cases, up to 1,027 controls	NA	1q42.13	1	230145409	GALNT2	GALNT2			ENSG00000143641			rs4846835-A	rs4846835	0	4846835	intron_variant	0	0.1984	4E-6	5.3979400086720375	(Complete)	0.4595	[0.26-0.66] unit decrease	Affymetrix, Illumina [NR] (imputed)	N	Dementia, Alzheimer's disease neuropathologic change	http://purl.obolibrary.org/obo/HP_0000726, http://www.ebi.ac.uk/efo/EFO_0006801	GCST002593	Genome-wide genotyping array
2015-07-28	25188341	Beecham GW	2014-09-04	PLoS Genet	www.ncbi.nlm.nih.gov/pubmed/25188341	Genome-wide association meta-analysis of neuropathologic features of Alzheimer's disease and related dementias.	Dementia and core Alzheimer's disease neuropathologic changes	up to 3,887 cases, up to 1,027 controls	NA	4q34.1	4	173168087	intergenic	AC105285.1			ENSG00000245213			rs6835098-T	rs6835098	0	6835098	non_coding_transcript_exon_variant	0	0.3308	5E-6	5.301029995663981	(Primary)	0.2278	[0.11-0.35] unit decrease	Affymetrix, Illumina [NR] (imputed)	N	Dementia, Alzheimer's disease neuropathologic change	http://purl.obolibrary.org/obo/HP_0000726, http://www.ebi.ac.uk/efo/EFO_0006801	GCST002593	Genome-wide genotyping array
2015-07-28	25188341	Beecham GW	2014-09-04	PLoS Genet	www.ncbi.nlm.nih.gov/pubmed/25188341	Genome-wide association meta-analysis of neuropathologic features of Alzheimer's disease and related dementias.	Dementia and core Alzheimer's disease neuropathologic changes	up to 3,887 cases, up to 1,027 controls	NA	2q12.2	2	106026098	intergenic	AC009505.1 - ECRG4	ENSG00000234162	ENSG00000119147		63712	37148	rs34487851-G	rs34487851	0	34487851	regulatory_region_variant	1	0.7378	5E-6	5.301029995663981	(Complete)	0.4164	[0.24-0.6] unit increase	Affymetrix, Illumina [NR] (imputed)	N	Dementia, Alzheimer's disease neuropathologic change	http://purl.obolibrary.org/obo/HP_0000726, http://www.ebi.ac.uk/efo/EFO_0006801	GCST002593	Genome-wide genotyping array
2015-07-28	25188341	Beecham GW	2014-09-04	PLoS Genet	www.ncbi.nlm.nih.gov/pubmed/25188341	Genome-wide association meta-analysis of neuropathologic features of Alzheimer's disease and related dementias.	Dementia and core Alzheimer's disease neuropathologic changes	up to 3,887 cases, up to 1,027 controls	NA	4q12	4	53675679	intergenic	AC124017.1, LNX1, AC058822.1			ENSG00000249341, ENSG00000072201, ENSG00000282278			rs6822736-C	rs6822736	0	6822736	intron_variant	0	0.6565	4E-6	5.3979400086720375	(Complete)	0.3637	[0.21-0.52] unit decrease	Affymetrix, Illumina [NR] (imputed)	N	Dementia, Alzheimer's disease neuropathologic change	http://purl.obolibrary.org/obo/HP_0000726, http://www.ebi.ac.uk/efo/EFO_0006801	GCST002593	Genome-wide genotyping array
2015-07-28	25188341	Beecham GW	2014-09-04	PLoS Genet	www.ncbi.nlm.nih.gov/pubmed/25188341	Genome-wide association meta-analysis of neuropathologic features of Alzheimer's disease and related dementias.	Dementia and core Alzheimer's disease neuropathologic changes	up to 3,887 cases, up to 1,027 controls	NA	6p21.32	6	32478940	intergenic	HLA-DRB9 - HLA-DRB5	ENSG00000226035	ENSG00000198502		5440	38413	rs7453498-C	rs7453498	0	7453498	intergenic_variant	1	0.8656	3E-6	5.522878745280337	(Complete)	0.8142	[0.47-1.16] unit increase	Affymetrix, Illumina [NR] (imputed)	N	Dementia, Alzheimer's disease neuropathologic change	http://purl.obolibrary.org/obo/HP_0000726, http://www.ebi.ac.uk/efo/EFO_0006801	GCST002593	Genome-wide genotyping array
2015-07-28	25188341	Beecham GW	2014-09-04	PLoS Genet	www.ncbi.nlm.nih.gov/pubmed/25188341	Genome-wide association meta-analysis of neuropathologic features of Alzheimer's disease and related dementias.	Dementia and core Alzheimer's disease neuropathologic changes	up to 3,887 cases, up to 1,027 controls	NA				intergenic							chr6:106452945-C	chr6:106452945	0			1	0.987	6E-6	5.221848749616356	(Complete)	2.2238	[1.26-3.18] unit increase	Affymetrix, Illumina [NR] (imputed)	N	Dementia, Alzheimer's disease neuropathologic change	http://purl.obolibrary.org/obo/HP_0000726, http://www.ebi.ac.uk/efo/EFO_0006801	GCST002593	Genome-wide genotyping array
2015-07-28	25188341	Beecham GW	2014-09-04	PLoS Genet	www.ncbi.nlm.nih.gov/pubmed/25188341	Genome-wide association meta-analysis of neuropathologic features of Alzheimer's disease and related dementias.	Dementia and core Alzheimer's disease neuropathologic changes	up to 3,887 cases, up to 1,027 controls	NA	7q21.3	7	95826533	DYNC1I1	DYNC1I1			ENSG00000158560			rs3779483-T	rs3779483	0	3779483	intron_variant	0	0.0554	2E-6	5.698970004336019	(Complete)	1.2911	[0.76-1.82] unit decrease	Affymetrix, Illumina [NR] (imputed)	N	Dementia, Alzheimer's disease neuropathologic change	http://purl.obolibrary.org/obo/HP_0000726, http://www.ebi.ac.uk/efo/EFO_0006801	GCST002593	Genome-wide genotyping array
2015-07-28	25188341	Beecham GW	2014-09-04	PLoS Genet	www.ncbi.nlm.nih.gov/pubmed/25188341	Genome-wide association meta-analysis of neuropathologic features of Alzheimer's disease and related dementias.	Dementia and core Alzheimer's disease neuropathologic changes	up to 3,887 cases, up to 1,027 controls	NA				CSMD1							chr8:3777515-C	chr8:3777515	0			1	0.965	6E-6	5.221848749616356	(Complete)	1.6673	[0.95-2.39] unit increase	Affymetrix, Illumina [NR] (imputed)	N	Dementia, Alzheimer's disease neuropathologic change	http://purl.obolibrary.org/obo/HP_0000726, http://www.ebi.ac.uk/efo/EFO_0006801	GCST002593	Genome-wide genotyping array
2015-07-28	25188341	Beecham GW	2014-09-04	PLoS Genet	www.ncbi.nlm.nih.gov/pubmed/25188341	Genome-wide association meta-analysis of neuropathologic features of Alzheimer's disease and related dementias.	Dementia and core Alzheimer's disease neuropathologic changes	up to 3,887 cases, up to 1,027 controls	NA	9q22.31	9	92129496	intergenic	SPTLC1 - AL354751.1	ENSG00000090054	ENSG00000234537		14083	2902	rs41526548-C	rs41526548	1	10992241	intergenic_variant	1	0.7663	1E-6	6.0	(Complete)	0.6776	[0.40-0.95] unit decrease	Affymetrix, Illumina [NR] (imputed)	N	Dementia, Alzheimer's disease neuropathologic change	http://purl.obolibrary.org/obo/HP_0000726, http://www.ebi.ac.uk/efo/EFO_0006801	GCST002593	Genome-wide genotyping array
2015-07-28	25188341	Beecham GW	2014-09-04	PLoS Genet	www.ncbi.nlm.nih.gov/pubmed/25188341	Genome-wide association meta-analysis of neuropathologic features of Alzheimer's disease and related dementias.	Dementia and core Alzheimer's disease neuropathologic changes	up to 3,887 cases, up to 1,027 controls	NA	9p24.1	9	4888441	intergenic	RCL1 - HNRNPA1P41	ENSG00000120158	ENSG00000220937		2524	56229	rs9969783-A	rs9969783	0	9969783	intergenic_variant	1	0.4562	2E-6	5.698970004336019	(Primary)	0.2949	[0.17-0.42] unit decrease	Affymetrix, Illumina [NR] (imputed)	N	Dementia, Alzheimer's disease neuropathologic change	http://purl.obolibrary.org/obo/HP_0000726, http://www.ebi.ac.uk/efo/EFO_0006801	GCST002593	Genome-wide genotyping array
2015-07-28	25188341	Beecham GW	2014-09-04	PLoS Genet	www.ncbi.nlm.nih.gov/pubmed/25188341	Genome-wide association meta-analysis of neuropathologic features of Alzheimer's disease and related dementias.	Dementia and core Alzheimer's disease neuropathologic changes	up to 3,887 cases, up to 1,027 controls	NA				intergenic							chr12:34593353-A	chr12:34593353	0			1	0.0745	5E-6	5.301029995663981	(Complete)	1.2739	[0.73-1.82] unit decrease	Affymetrix, Illumina [NR] (imputed)	N	Dementia, Alzheimer's disease neuropathologic change	http://purl.obolibrary.org/obo/HP_0000726, http://www.ebi.ac.uk/efo/EFO_0006801	GCST002593	Genome-wide genotyping array
2015-07-28	25188341	Beecham GW	2014-09-04	PLoS Genet	www.ncbi.nlm.nih.gov/pubmed/25188341	Genome-wide association meta-analysis of neuropathologic features of Alzheimer's disease and related dementias.	Dementia and core Alzheimer's disease neuropathologic changes	up to 3,887 cases, up to 1,027 controls	NA				intergenic							chr14:35114172-A	chr14:35114172	0			1	0.0185	8E-6	5.096910013008056	(Complete)	1.5867	[0.89-2.28] unit decrease	Affymetrix, Illumina [NR] (imputed)	N	Dementia, Alzheimer's disease neuropathologic change	http://purl.obolibrary.org/obo/HP_0000726, http://www.ebi.ac.uk/efo/EFO_0006801	GCST002593	Genome-wide genotyping array
2015-07-28	25188341	Beecham GW	2014-09-04	PLoS Genet	www.ncbi.nlm.nih.gov/pubmed/25188341	Genome-wide association meta-analysis of neuropathologic features of Alzheimer's disease and related dementias.	Dementia and core Alzheimer's disease neuropathologic changes	up to 3,887 cases, up to 1,027 controls	NA	14q22.3	14	55895020	intergenic	LINC00520 - AL163952.1	ENSG00000258791	ENSG00000259868		98289	1423	rs35862341-C	rs35862341	0	35862341	intergenic_variant	1	0.9866	4E-6	5.3979400086720375	(Complete)	1.521	[0.87-2.17] unit increase	Affymetrix, Illumina [NR] (imputed)	N	Dementia, Alzheimer's disease neuropathologic change	http://purl.obolibrary.org/obo/HP_0000726, http://www.ebi.ac.uk/efo/EFO_0006801	GCST002593	Genome-wide genotyping array
2015-07-28	25188341	Beecham GW	2014-09-04	PLoS Genet	www.ncbi.nlm.nih.gov/pubmed/25188341	Genome-wide association meta-analysis of neuropathologic features of Alzheimer's disease and related dementias.	Dementia and core Alzheimer's disease neuropathologic changes	up to 3,887 cases, up to 1,027 controls	NA				intergenic							chr14:97513230-T	chr14:97513230	0			1	0.0665	7E-6	5.154901959985743	(Complete)	1.0557	[0.6-1.52] unit decrease	Affymetrix, Illumina [NR] (imputed)	N	Dementia, Alzheimer's disease neuropathologic change	http://purl.obolibrary.org/obo/HP_0000726, http://www.ebi.ac.uk/efo/EFO_0006801	GCST002593	Genome-wide genotyping array
2015-07-28	25188341	Beecham GW	2014-09-04	PLoS Genet	www.ncbi.nlm.nih.gov/pubmed/25188341	Genome-wide association meta-analysis of neuropathologic features of Alzheimer's disease and related dementias.	Dementia and core Alzheimer's disease neuropathologic changes	up to 3,887 cases, up to 1,027 controls	NA	15q26.1	15	91999601	SLCO3A1	SLCO3A1			ENSG00000176463			rs8037790-A	rs8037790	0	8037790	intron_variant	0	0.23	7E-6	5.154901959985743	(Complete)	0.443	[0.25-0.64] unit decrease	Affymetrix, Illumina [NR] (imputed)	N	Dementia, Alzheimer's disease neuropathologic change	http://purl.obolibrary.org/obo/HP_0000726, http://www.ebi.ac.uk/efo/EFO_0006801	GCST002593	Genome-wide genotyping array
2015-07-28	25188341	Beecham GW	2014-09-04	PLoS Genet	www.ncbi.nlm.nih.gov/pubmed/25188341	Genome-wide association meta-analysis of neuropathologic features of Alzheimer's disease and related dementias.	Dementia and core Alzheimer's disease neuropathologic changes	up to 3,887 cases, up to 1,027 controls	NA	14q21.3	14	50020073	intergenic	LINC01588			ENSG00000214900			rs55643152-T	rs55643152	0	55643152	intron_variant	0	0.0402	3E-6	5.522878745280337	(Primary)	1.0479	[0.61-1.49] unit decrease	Affymetrix, Illumina [NR] (imputed)	N	Dementia, Alzheimer's disease neuropathologic change	http://purl.obolibrary.org/obo/HP_0000726, http://www.ebi.ac.uk/efo/EFO_0006801	GCST002593	Genome-wide genotyping array
2015-07-28	25188341	Beecham GW	2014-09-04	PLoS Genet	www.ncbi.nlm.nih.gov/pubmed/25188341	Genome-wide association meta-analysis of neuropathologic features of Alzheimer's disease and related dementias.	Dementia and core Alzheimer's disease neuropathologic changes	up to 3,887 cases, up to 1,027 controls	NA	14q23.1	14	58109602	C14orf37	ARMH4			ENSG00000139971			rs11158198-C	rs11158198	0	11158198	intron_variant	0	0.492	2E-6	5.698970004336019	(Primary)	0.286	[0.17-0.4] unit decrease	Affymetrix, Illumina [NR] (imputed)	N	Dementia, Alzheimer's disease neuropathologic change	http://purl.obolibrary.org/obo/HP_0000726, http://www.ebi.ac.uk/efo/EFO_0006801	GCST002593	Genome-wide genotyping array
2015-07-28	25188341	Beecham GW	2014-09-04	PLoS Genet	www.ncbi.nlm.nih.gov/pubmed/25188341	Genome-wide association meta-analysis of neuropathologic features of Alzheimer's disease and related dementias.	Dementia and core Alzheimer's disease neuropathologic changes	up to 3,887 cases, up to 1,027 controls	NA				ABCG1							chr21:43693789-A	chr21:43693789	0			1	0.011	7E-6	5.154901959985743	(Complete)	1.6439	[0.93-2.36] unit decrease	Affymetrix, Illumina [NR] (imputed)	N	Dementia, Alzheimer's disease neuropathologic change	http://purl.obolibrary.org/obo/HP_0000726, http://www.ebi.ac.uk/efo/EFO_0006801	GCST002593	Genome-wide genotyping array
2015-07-28	25188341	Beecham GW	2014-09-04	PLoS Genet	www.ncbi.nlm.nih.gov/pubmed/25188341	Genome-wide association meta-analysis of neuropathologic features of Alzheimer's disease and related dementias.	Dementia and core Alzheimer's disease neuropathologic changes	up to 3,887 cases, up to 1,027 controls	NA	18p11.22	18	10443696	intergenic	AP006219.3 - APCDD1	ENSG00000287563	ENSG00000154856		21336	10939	rs7239679-T	rs7239679	0	7239679	intergenic_variant	1	0.45	4E-6	5.3979400086720375	(Primary)	0.2971	[0.17-0.42] unit increase	Affymetrix, Illumina [NR] (imputed)	N	Dementia, Alzheimer's disease neuropathologic change	http://purl.obolibrary.org/obo/HP_0000726, http://www.ebi.ac.uk/efo/EFO_0006801	GCST002593	Genome-wide genotyping array
2015-07-28	25188341	Beecham GW	2014-09-04	PLoS Genet	www.ncbi.nlm.nih.gov/pubmed/25188341	Genome-wide association meta-analysis of neuropathologic features of Alzheimer's disease and related dementias.	Dementia and core Alzheimer's disease neuropathologic changes	up to 3,887 cases, up to 1,027 controls	NA	18q11.2	18	24164468	OSBPL1A	OSBPL1A			ENSG00000141447			rs12604324-A	rs12604324	0	12604324	intron_variant	0	0.0201	1E-6	6.0	(Primary)	1.8953	[1.13-2.66] unit decrease	Affymetrix, Illumina [NR] (imputed)	N	Dementia, Alzheimer's disease neuropathologic change	http://purl.obolibrary.org/obo/HP_0000726, http://www.ebi.ac.uk/efo/EFO_0006801	GCST002593	Genome-wide genotyping array
2015-07-28	25188341	Beecham GW	2014-09-04	PLoS Genet	www.ncbi.nlm.nih.gov/pubmed/25188341	Genome-wide association meta-analysis of neuropathologic features of Alzheimer's disease and related dementias.	Dementia and core Alzheimer's disease neuropathologic changes	up to 3,887 cases, up to 1,027 controls	NA	19q13.32	19	44888997	PVRL2	NECTIN2, AC011481.2			ENSG00000130202, ENSG00000267282			rs6857-T	rs6857	0	6857	3_prime_UTR_variant	0	0.2883	2E-62	61.69897000433602	(Primary)	1.6136	[1.42-1.8] unit increase	Affymetrix, Illumina [NR] (imputed)	N	Dementia, Alzheimer's disease neuropathologic change	http://purl.obolibrary.org/obo/HP_0000726, http://www.ebi.ac.uk/efo/EFO_0006801	GCST002593	Genome-wide genotyping array
2015-07-28	25188341	Beecham GW	2014-09-04	PLoS Genet	www.ncbi.nlm.nih.gov/pubmed/25188341	Genome-wide association meta-analysis of neuropathologic features of Alzheimer's disease and related dementias.	Dementia and core Alzheimer's disease neuropathologic changes	up to 3,887 cases, up to 1,027 controls	NA				intergenic							chr20:1193706-A	chr20:1193706	0			1	0.0301	4E-6	5.3979400086720375	(Primary)	1.1614	[0.67-1.65] unit decrease	Affymetrix, Illumina [NR] (imputed)	N	Dementia, Alzheimer's disease neuropathologic change	http://purl.obolibrary.org/obo/HP_0000726, http://www.ebi.ac.uk/efo/EFO_0006801	GCST002593	Genome-wide genotyping array
2015-07-28	25188341	Beecham GW	2014-09-04	PLoS Genet	www.ncbi.nlm.nih.gov/pubmed/25188341	Genome-wide association meta-analysis of neuropathologic features of Alzheimer's disease and related dementias.	Dementia and core Alzheimer's disease neuropathologic changes	up to 3,887 cases, up to 1,027 controls	NA	20p13	20	4163930	SMOX	SMOX			ENSG00000088826			rs1741309-A	rs1741309	0	1741309	intron_variant	0	0.3847	9E-7	6.045757490560675	(Primary)	0.3232	[0.19-0.45] unit increase	Affymetrix, Illumina [NR] (imputed)	N	Dementia, Alzheimer's disease neuropathologic change	http://purl.obolibrary.org/obo/HP_0000726, http://www.ebi.ac.uk/efo/EFO_0006801	GCST002593	Genome-wide genotyping array
2015-07-28	25188341	Beecham GW	2014-09-04	PLoS Genet	www.ncbi.nlm.nih.gov/pubmed/25188341	Genome-wide association meta-analysis of neuropathologic features of Alzheimer's disease and related dementias.	Dementia and core Alzheimer's disease neuropathologic changes	up to 3,887 cases, up to 1,027 controls	NA	1q42.13	1	230145409	GALNT2	GALNT2			ENSG00000143641			rs4846835-A	rs4846835	0	4846835	intron_variant	0	0.1959	2E-6	5.698970004336019	(Primary)	0.3966	[0.23-0.56] unit decrease	Affymetrix, Illumina [NR] (imputed)	N	Dementia, Alzheimer's disease neuropathologic change	http://purl.obolibrary.org/obo/HP_0000726, http://www.ebi.ac.uk/efo/EFO_0006801	GCST002593	Genome-wide genotyping array
2015-07-28	25188341	Beecham GW	2014-09-04	PLoS Genet	www.ncbi.nlm.nih.gov/pubmed/25188341	Genome-wide association meta-analysis of neuropathologic features of Alzheimer's disease and related dementias.	Dementia and core Alzheimer's disease neuropathologic changes	up to 3,887 cases, up to 1,027 controls	NA				intergenic							chr22:36621624-T	chr22:36621624	0			1	0.0224	6E-6	5.221848749616356	(Primary)	1.2016	[0.68-1.72] unit decrease	Affymetrix, Illumina [NR] (imputed)	N	Dementia, Alzheimer's disease neuropathologic change	http://purl.obolibrary.org/obo/HP_0000726, http://www.ebi.ac.uk/efo/EFO_0006801	GCST002593	Genome-wide genotyping array
2015-07-28	25188341	Beecham GW	2014-09-04	PLoS Genet	www.ncbi.nlm.nih.gov/pubmed/25188341	Genome-wide association meta-analysis of neuropathologic features of Alzheimer's disease and related dementias.	Dementia and core Alzheimer's disease neuropathologic changes	up to 3,887 cases, up to 1,027 controls	NA				PHF21B							chr22:45354131-A	chr22:45354131	0			1	0.0172	2E-8	7.698970004336019	(Primary)	2.4084	[1.57-3.25] unit decrease	Affymetrix, Illumina [NR] (imputed)	N	Dementia, Alzheimer's disease neuropathologic change	http://purl.obolibrary.org/obo/HP_0000726, http://www.ebi.ac.uk/efo/EFO_0006801	GCST002593	Genome-wide genotyping array
2015-07-28	25188341	Beecham GW	2014-09-04	PLoS Genet	www.ncbi.nlm.nih.gov/pubmed/25188341	Genome-wide association meta-analysis of neuropathologic features of Alzheimer's disease and related dementias.	Dementia and core Alzheimer's disease neuropathologic changes	up to 3,887 cases, up to 1,027 controls	NA	1p36.11	1	25001518	intergenic	AL445471.2 - MIR4425	ENSG00000261025	ENSG00000264371		30653	21985	rs6665019-A	rs6665019	0	6665019	intergenic_variant	1	0.1211	5E-6	5.301029995663981	(Complete)	0.5008	[0.29-0.72] unit decrease	Affymetrix, Illumina [NR] (imputed)	N	Dementia, Alzheimer's disease neuropathologic change	http://purl.obolibrary.org/obo/HP_0000726, http://www.ebi.ac.uk/efo/EFO_0006801	GCST002593	Genome-wide genotyping array
2015-07-28	25188341	Beecham GW	2014-09-04	PLoS Genet	www.ncbi.nlm.nih.gov/pubmed/25188341	Genome-wide association meta-analysis of neuropathologic features of Alzheimer's disease and related dementias.	Dementia and core Alzheimer's disease neuropathologic changes	up to 3,887 cases, up to 1,027 controls	NA	3q28	3	191130963	intergenic	GMNC - OSTN	ENSG00000205835	ENSG00000188729		238534	68278	rs61174036-G	rs61174036	0	61174036	intergenic_variant	1	0.7102	9E-6	5.045757490560675	(Primary)	0.289	[0.16-0.42] unit increase	Affymetrix, Illumina [NR] (imputed)	N	Dementia, Alzheimer's disease neuropathologic change	http://purl.obolibrary.org/obo/HP_0000726, http://www.ebi.ac.uk/efo/EFO_0006801	GCST002593	Genome-wide genotyping array
2015-07-28	25188341	Beecham GW	2014-09-04	PLoS Genet	www.ncbi.nlm.nih.gov/pubmed/25188341	Genome-wide association meta-analysis of neuropathologic features of Alzheimer's disease and related dementias.	Dementia and core Alzheimer's disease neuropathologic changes	up to 3,887 cases, up to 1,027 controls	NA	1q44	1	244441734	ADSS	ADSS			ENSG00000035687			rs3003214-A	rs3003214	0	3003214	intron_variant	0	0.3176	5E-6	5.301029995663981	(Complete)	0.37	[0.21-0.53] unit increase	Affymetrix, Illumina [NR] (imputed)	N	Dementia, Alzheimer's disease neuropathologic change	http://purl.obolibrary.org/obo/HP_0000726, http://www.ebi.ac.uk/efo/EFO_0006801	GCST002593	Genome-wide genotyping array
2015-07-28	25188341	Beecham GW	2014-09-04	PLoS Genet	www.ncbi.nlm.nih.gov/pubmed/25188341	Genome-wide association meta-analysis of neuropathologic features of Alzheimer's disease and related dementias.	Dementia and core Alzheimer's disease neuropathologic changes	up to 3,887 cases, up to 1,027 controls	NA	5p13.3	5	29367917	intergenic	LINC02064			ENSG00000248391			rs16898904-T	rs16898904	0	16898904	intron_variant	0	0.054	8E-6	5.096910013008056	(Primary)	0.6617	[0.37-0.95] unit increase	Affymetrix, Illumina [NR] (imputed)	N	Dementia, Alzheimer's disease neuropathologic change	http://purl.obolibrary.org/obo/HP_0000726, http://www.ebi.ac.uk/efo/EFO_0006801	GCST002593	Genome-wide genotyping array
2015-07-28	25188341	Beecham GW	2014-09-04	PLoS Genet	www.ncbi.nlm.nih.gov/pubmed/25188341	Genome-wide association meta-analysis of neuropathologic features of Alzheimer's disease and related dementias.	Dementia and core Alzheimer's disease neuropathologic changes	up to 3,887 cases, up to 1,027 controls	NA	5q31.3	5	142484808	intergenic	SPRY4-AS1			ENSG00000231185			rs3850579-G	rs3850579	0	3850579	intron_variant	0	0.5266	7E-6	5.154901959985743	(Primary)	0.2647	[0.15-0.38] unit increase	Affymetrix, Illumina [NR] (imputed)	N	Dementia, Alzheimer's disease neuropathologic change	http://purl.obolibrary.org/obo/HP_0000726, http://www.ebi.ac.uk/efo/EFO_0006801	GCST002593	Genome-wide genotyping array
2015-07-28	25188341	Beecham GW	2014-09-04	PLoS Genet	www.ncbi.nlm.nih.gov/pubmed/25188341	Genome-wide association meta-analysis of neuropathologic features of Alzheimer's disease and related dementias.	Dementia and core Alzheimer's disease neuropathologic changes	up to 3,887 cases, up to 1,027 controls	NA				intergenic							chr5:161442770-T	chr5:161442770	0			1	0.0136	5E-6	5.301029995663981	(Primary)	1.8342	[1.05-2.62] unit decrease	Affymetrix, Illumina [NR] (imputed)	N	Dementia, Alzheimer's disease neuropathologic change	http://purl.obolibrary.org/obo/HP_0000726, http://www.ebi.ac.uk/efo/EFO_0006801	GCST002593	Genome-wide genotyping array
2015-07-28	25188341	Beecham GW	2014-09-04	PLoS Genet	www.ncbi.nlm.nih.gov/pubmed/25188341	Genome-wide association meta-analysis of neuropathologic features of Alzheimer's disease and related dementias.	Dementia and core Alzheimer's disease neuropathologic changes	up to 3,887 cases, up to 1,027 controls	NA				intergenic							chr6:106452945-C	chr6:106452945	0			1	0.9873	8E-6	5.096910013008056	(Primary)	2.1702	[1.22-3.12] unit increase	Affymetrix, Illumina [NR] (imputed)	N	Dementia, Alzheimer's disease neuropathologic change	http://purl.obolibrary.org/obo/HP_0000726, http://www.ebi.ac.uk/efo/EFO_0006801	GCST002593	Genome-wide genotyping array
2015-07-28	25188341	Beecham GW	2014-09-04	PLoS Genet	www.ncbi.nlm.nih.gov/pubmed/25188341	Genome-wide association meta-analysis of neuropathologic features of Alzheimer's disease and related dementias.	Dementia and core Alzheimer's disease neuropathologic changes	up to 3,887 cases, up to 1,027 controls	NA	7q21.3	7	95826533	DYNC1I1	DYNC1I1			ENSG00000158560			rs3779483-T	rs3779483	0	3779483	intron_variant	0	0.0553	2E-6	5.698970004336019	(Primary)	1.2925	[0.76-1.82] unit decrease	Affymetrix, Illumina [NR] (imputed)	N	Dementia, Alzheimer's disease neuropathologic change	http://purl.obolibrary.org/obo/HP_0000726, http://www.ebi.ac.uk/efo/EFO_0006801	GCST002593	Genome-wide genotyping array
2015-07-28	25188341	Beecham GW	2014-09-04	PLoS Genet	www.ncbi.nlm.nih.gov/pubmed/25188341	Genome-wide association meta-analysis of neuropathologic features of Alzheimer's disease and related dementias.	Dementia and core Alzheimer's disease neuropathologic changes	up to 3,887 cases, up to 1,027 controls	NA				CSMD1							chr8:3777515-C	chr8:3777515	0			1	0.965	6E-6	5.221848749616356	(Primary)	1.6687	[0.95-2.39] unit increase	Affymetrix, Illumina [NR] (imputed)	N	Dementia, Alzheimer's disease neuropathologic change	http://purl.obolibrary.org/obo/HP_0000726, http://www.ebi.ac.uk/efo/EFO_0006801	GCST002593	Genome-wide genotyping array
2015-07-28	25188341	Beecham GW	2014-09-04	PLoS Genet	www.ncbi.nlm.nih.gov/pubmed/25188341	Genome-wide association meta-analysis of neuropathologic features of Alzheimer's disease and related dementias.	Dementia and core Alzheimer's disease neuropathologic changes	up to 3,887 cases, up to 1,027 controls	NA				intergenic							chr10:115495938-G	chr10:115495938	0			1	0.9881	9E-6	5.045757490560675	(Complete)	1.6516	[0.92-2.38] unit increase	Affymetrix, Illumina [NR] (imputed)	N	Dementia, Alzheimer's disease neuropathologic change	http://purl.obolibrary.org/obo/HP_0000726, http://www.ebi.ac.uk/efo/EFO_0006801	GCST002593	Genome-wide genotyping array
2015-07-28	25188341	Beecham GW	2014-09-04	PLoS Genet	www.ncbi.nlm.nih.gov/pubmed/25188341	Genome-wide association meta-analysis of neuropathologic features of Alzheimer's disease and related dementias.	Dementia and core Alzheimer's disease neuropathologic changes	up to 3,887 cases, up to 1,027 controls	NA				intergenic							chr11:37229442-C	chr11:37229442	0			1	0.9858	1E-7	7.0	(Complete)	1.8518	[1.17-2.54] unit increase	Affymetrix, Illumina [NR] (imputed)	N	Dementia, Alzheimer's disease neuropathologic change	http://purl.obolibrary.org/obo/HP_0000726, http://www.ebi.ac.uk/efo/EFO_0006801	GCST002593	Genome-wide genotyping array
2015-07-28	25188341	Beecham GW	2014-09-04	PLoS Genet	www.ncbi.nlm.nih.gov/pubmed/25188341	Genome-wide association meta-analysis of neuropathologic features of Alzheimer's disease and related dementias.	Dementia and core Alzheimer's disease neuropathologic changes	up to 3,887 cases, up to 1,027 controls	NA				intergenic							chr10:824004-G	chr10:824004	0			1	0.9846	3E-6	5.522878745280337	(Primary)	1.3723	[0.79-1.95] unit increase	Affymetrix, Illumina [NR] (imputed)	N	Dementia, Alzheimer's disease neuropathologic change	http://purl.obolibrary.org/obo/HP_0000726, http://www.ebi.ac.uk/efo/EFO_0006801	GCST002593	Genome-wide genotyping array
2015-07-28	25188341	Beecham GW	2014-09-04	PLoS Genet	www.ncbi.nlm.nih.gov/pubmed/25188341	Genome-wide association meta-analysis of neuropathologic features of Alzheimer's disease and related dementias.	Dementia and core Alzheimer's disease neuropathologic changes	up to 3,887 cases, up to 1,027 controls	NA				intergenic							chr11:37229442-C	chr11:37229442	0			1	0.9625	7E-6	5.154901959985743	(Primary)	1.3744	[0.77-1.98] unit increase	Affymetrix, Illumina [NR] (imputed)	N	Dementia, Alzheimer's disease neuropathologic change	http://purl.obolibrary.org/obo/HP_0000726, http://www.ebi.ac.uk/efo/EFO_0006801	GCST002593	Genome-wide genotyping array
2015-07-28	25188341	Beecham GW	2014-09-04	PLoS Genet	www.ncbi.nlm.nih.gov/pubmed/25188341	Genome-wide association meta-analysis of neuropathologic features of Alzheimer's disease and related dementias.	Dementia and core Alzheimer's disease neuropathologic changes	up to 3,887 cases, up to 1,027 controls	NA				intergenic							chr12:34593353-A	chr12:34593353	0			1	0.0745	5E-6	5.301029995663981	(Primary)	1.274	[0.73-1.82] unit decrease	Affymetrix, Illumina [NR] (imputed)	N	Dementia, Alzheimer's disease neuropathologic change	http://purl.obolibrary.org/obo/HP_0000726, http://www.ebi.ac.uk/efo/EFO_0006801	GCST002593	Genome-wide genotyping array
2015-07-28	25188341	Beecham GW	2014-09-04	PLoS Genet	www.ncbi.nlm.nih.gov/pubmed/25188341	Genome-wide association meta-analysis of neuropathologic features of Alzheimer's disease and related dementias.	Dementia and core Alzheimer's disease neuropathologic changes	up to 3,887 cases, up to 1,027 controls	NA	12q12	12	40732528	CNTN1	CNTN1			ENSG00000018236			rs17539289-A	rs17539289	0	17539289	intron_variant	0	0.0535	5E-6	5.301029995663981	(Primary)	0.6468	[0.37-0.93] unit decrease	Affymetrix, Illumina [NR] (imputed)	N	Dementia, Alzheimer's disease neuropathologic change	http://purl.obolibrary.org/obo/HP_0000726, http://www.ebi.ac.uk/efo/EFO_0006801	GCST002593	Genome-wide genotyping array
2015-07-28	25188341	Beecham GW	2014-09-04	PLoS Genet	www.ncbi.nlm.nih.gov/pubmed/25188341	Genome-wide association meta-analysis of neuropathologic features of Alzheimer's disease and related dementias.	Dementia and core Alzheimer's disease neuropathologic changes	up to 3,887 cases, up to 1,027 controls	NA				JPH3							chr16:87690482-T	chr16:87690482	0			1	0.0116	2E-6	5.698970004336019	(Complete)	2.0377	[1.21-2.87] unit decrease	Affymetrix, Illumina [NR] (imputed)	N	Dementia, Alzheimer's disease neuropathologic change	http://purl.obolibrary.org/obo/HP_0000726, http://www.ebi.ac.uk/efo/EFO_0006801	GCST002593	Genome-wide genotyping array
2015-07-28	25188341	Beecham GW	2014-09-04	PLoS Genet	www.ncbi.nlm.nih.gov/pubmed/25188341	Genome-wide association meta-analysis of neuropathologic features of Alzheimer's disease and related dementias.	Dementia and core Alzheimer's disease neuropathologic changes	up to 3,887 cases, up to 1,027 controls	NA	19p13.3	19	2920707	intergenic	AC119403.1			ENSG00000253392			rs8105265-A	rs8105265	0	8105265	intron_variant	0	0.1173	4E-6	5.3979400086720375	(Complete)	0.5203	[0.3-0.74] unit decrease	Affymetrix, Illumina [NR] (imputed)	N	Dementia, Alzheimer's disease neuropathologic change	http://purl.obolibrary.org/obo/HP_0000726, http://www.ebi.ac.uk/efo/EFO_0006801	GCST002593	Genome-wide genotyping array
2015-07-28	25188341	Beecham GW	2014-09-04	PLoS Genet	www.ncbi.nlm.nih.gov/pubmed/25188341	Genome-wide association meta-analysis of neuropathologic features of Alzheimer's disease and related dementias.	Dementia and core Alzheimer's disease neuropathologic changes	up to 3,887 cases, up to 1,027 controls	NA	19q13.32	19	44888997	PVRL2	NECTIN2, AC011481.2			ENSG00000130202, ENSG00000267282			rs6857-T	rs6857	0	6857	3_prime_UTR_variant	0	0.2864	3E-38	37.52287874528034	(Complete)	1.501	[1.27-1.73] unit increase	Affymetrix, Illumina [NR] (imputed)	N	Dementia, Alzheimer's disease neuropathologic change	http://purl.obolibrary.org/obo/HP_0000726, http://www.ebi.ac.uk/efo/EFO_0006801	GCST002593	Genome-wide genotyping array
2015-07-28	25188341	Beecham GW	2014-09-04	PLoS Genet	www.ncbi.nlm.nih.gov/pubmed/25188341	Genome-wide association meta-analysis of neuropathologic features of Alzheimer's disease and related dementias.	Dementia and core Alzheimer's disease neuropathologic changes	up to 3,887 cases, up to 1,027 controls	NA				intergenic							chr14:97513230-T	chr14:97513230	0			1	0.0664	7E-6	5.154901959985743	(Primary)	1.057	[0.6-1.52] unit decrease	Affymetrix, Illumina [NR] (imputed)	N	Dementia, Alzheimer's disease neuropathologic change	http://purl.obolibrary.org/obo/HP_0000726, http://www.ebi.ac.uk/efo/EFO_0006801	GCST002593	Genome-wide genotyping array
2015-07-28	25188341	Beecham GW	2014-09-04	PLoS Genet	www.ncbi.nlm.nih.gov/pubmed/25188341	Genome-wide association meta-analysis of neuropathologic features of Alzheimer's disease and related dementias.	Dementia and core Alzheimer's disease neuropathologic changes	up to 3,887 cases, up to 1,027 controls	NA				JPH3							chr16:87690482-T	chr16:87690482	0			1	0.0116	2E-6	5.698970004336019	(Primary)	2.0387	[1.21-2.87] unit decrease	Affymetrix, Illumina [NR] (imputed)	N	Dementia, Alzheimer's disease neuropathologic change	http://purl.obolibrary.org/obo/HP_0000726, http://www.ebi.ac.uk/efo/EFO_0006801	GCST002593	Genome-wide genotyping array
2015-07-28	25188341	Beecham GW	2014-09-04	PLoS Genet	www.ncbi.nlm.nih.gov/pubmed/25188341	Genome-wide association meta-analysis of neuropathologic features of Alzheimer's disease and related dementias.	Dementia and core Alzheimer's disease neuropathologic changes	up to 3,887 cases, up to 1,027 controls	NA				PHF21B							chr22:45354131-A	chr22:45354131	0			1	0.0172	2E-8	7.698970004336019	(Complete)	2.4069	[1.57-3.25] unit decrease	Affymetrix, Illumina [NR] (imputed)	N	Dementia, Alzheimer's disease neuropathologic change	http://purl.obolibrary.org/obo/HP_0000726, http://www.ebi.ac.uk/efo/EFO_0006801	GCST002593	Genome-wide genotyping array
