DATE ADDED TO CATALOG	PUBMEDID	FIRST AUTHOR	DATE	JOURNAL	LINK	STUDY	DISEASE/TRAIT	INITIAL SAMPLE SIZE	REPLICATION SAMPLE SIZE	REGION	CHR_ID	CHR_POS	REPORTED GENE(S)	MAPPED_GENE	UPSTREAM_GENE_ID	DOWNSTREAM_GENE_ID	SNP_GENE_IDS	UPSTREAM_GENE_DISTANCE	DOWNSTREAM_GENE_DISTANCE	STRONGEST SNP-RISK ALLELE	SNPS	MERGED	SNP_ID_CURRENT	CONTEXT	INTERGENIC	RISK ALLELE FREQUENCY	P-VALUE	PVALUE_MLOG	P-VALUE (TEXT)	OR or BETA	95% CI (TEXT)	PLATFORM [SNPS PASSING QC]	CNV	MAPPED_TRAIT	MAPPED_TRAIT_URI	STUDY ACCESSION	GENOTYPING TECHNOLOGY
2011-12-20	22116939	Guo Y	2011-11-24	Hum Mol Genet	www.ncbi.nlm.nih.gov/pubmed/22116939	Two-stage genome-wide association study identifies variants in CAMSAP1L1 as susceptibility loci for epilepsy in Chinese.	Epilepsy	504 Han Chinese ancestry cases, 2,947 Han Chinese ancestry controls	583 Han Chinese ancestry cases, 497 Han Chinese ancestry controls	1q32.1	1	200857641	CAMSAP1L1	CAMSAP2			ENSG00000118200			rs2292096-?	rs2292096	0	2292096	3_prime_UTR_variant	0	NR	1E-8	8.0		1.59	[NR]	Illumina [461024]	N	epilepsy	http://www.ebi.ac.uk/efo/EFO_0000474	GCST001329	Genome-wide genotyping array
2019-05-15	30868120	Berghuis B	2019-01-17	Epilepsia Open	www.ncbi.nlm.nih.gov/pubmed/30868120	A genome-wide association study of sodium levels and drug metabolism in an epilepsy cohort treated with carbamazepine and oxcarbazepine.	Sodium levels in epilepsy	1,252 European ancestry cases	NA	5q11.2	5	56078195	NA	AC008892.1			ENSG00000249236			rs148173957-?	rs148173957	0	148173957	intron_variant	0		2E-7	6.698970004336019		2.075	[NR] mEql/L decrease	Illumina [NR]	N	sodium measurement, epilepsy	http://www.ebi.ac.uk/efo/EFO_0009282, http://www.ebi.ac.uk/efo/EFO_0000474	GCST007814	Genome-wide genotyping array
2016-07-11	26220383	Jang HW	2015-06-02	Epilepsy Res	www.ncbi.nlm.nih.gov/pubmed/26220383	GWAS identifies two susceptibility loci for lamotrigine-induced skin rash in patients with epilepsy.	Epilepsy and lamotrigine-induced maculopapular eruptions	34 Korean ancestry cases, 1,080 Korean ancestry healthy controls	NA	1q32.1	1	202668176	SYT2	SYT2			ENSG00000143858			rs141860749-A	rs141860749	0	141860749	intron_variant	0	0.01	4E-7	6.3979400086720375		8.9	[NR]	Affymetrix [4893794] (imputed)	N	response to lamotrigine, maculopapular eruption, epilepsy	http://www.ebi.ac.uk/efo/EFO_0007661, http://www.ebi.ac.uk/efo/EFO_1001253, http://www.ebi.ac.uk/efo/EFO_0000474	GCST002949	Genome-wide genotyping array
2016-07-11	26220383	Jang HW	2015-06-02	Epilepsy Res	www.ncbi.nlm.nih.gov/pubmed/26220383	GWAS identifies two susceptibility loci for lamotrigine-induced skin rash in patients with epilepsy.	Epilepsy and lamotrigine-induced maculopapular eruptions	34 Korean ancestry cases, 1,080 Korean ancestry healthy controls	NA	3q22.2	3	134930924	EPHB1	EPHB1			ENSG00000154928			rs62270313-?	rs62270313	0	62270313	intron_variant	0	0.05	1E-7	7.0		4.6	[NR]	Affymetrix [4893794] (imputed)	N	response to lamotrigine, maculopapular eruption, epilepsy	http://www.ebi.ac.uk/efo/EFO_0007661, http://www.ebi.ac.uk/efo/EFO_1001253, http://www.ebi.ac.uk/efo/EFO_0000474	GCST002949	Genome-wide genotyping array
2016-07-11	26220383	Jang HW	2015-06-02	Epilepsy Res	www.ncbi.nlm.nih.gov/pubmed/26220383	GWAS identifies two susceptibility loci for lamotrigine-induced skin rash in patients with epilepsy.	Epilepsy and lamotrigine-induced maculopapular eruptions	34 Korean ancestry cases, 1,080 Korean ancestry healthy controls	NA	5p13.3	5	29054513	intergenic	LINC02109			ENSG00000259786			rs631844-T	rs631844	0	631844	intron_variant	0	0.05	7E-8	7.154901959985743		4.9	[NR]	Affymetrix [4893794] (imputed)	N	response to lamotrigine, maculopapular eruption, epilepsy	http://www.ebi.ac.uk/efo/EFO_0007661, http://www.ebi.ac.uk/efo/EFO_1001253, http://www.ebi.ac.uk/efo/EFO_0000474	GCST002949	Genome-wide genotyping array
2016-07-11	26220383	Jang HW	2015-06-02	Epilepsy Res	www.ncbi.nlm.nih.gov/pubmed/26220383	GWAS identifies two susceptibility loci for lamotrigine-induced skin rash in patients with epilepsy.	Epilepsy and lamotrigine-induced maculopapular eruptions	34 Korean ancestry cases, 1,080 Korean ancestry healthy controls	NA	6q16.3	6	104230957	HACE1	NPM1P10 - AL357522.1	ENSG00000214428	ENSG00000287616		204194	256138	rs71568191-A	rs71568191	0	71568191	intergenic_variant	1	0.01	3E-9	8.522878745280337		8.9	[NR]	Affymetrix [4893794] (imputed)	N	response to lamotrigine, maculopapular eruption, epilepsy	http://www.ebi.ac.uk/efo/EFO_0007661, http://www.ebi.ac.uk/efo/EFO_1001253, http://www.ebi.ac.uk/efo/EFO_0000474	GCST002949	Genome-wide genotyping array
2016-07-11	26220383	Jang HW	2015-06-02	Epilepsy Res	www.ncbi.nlm.nih.gov/pubmed/26220383	GWAS identifies two susceptibility loci for lamotrigine-induced skin rash in patients with epilepsy.	Epilepsy and lamotrigine-induced maculopapular eruptions	34 Korean ancestry cases, 1,080 Korean ancestry healthy controls	NA	7p21.1	7	18195234	HDAC9	HDAC9			ENSG00000048052			rs1178326-C	rs1178326	0	1178326	intron_variant	0	0.01	2E-7	6.698970004336019		8.1	[NR]	Affymetrix [4893794] (imputed)	N	response to lamotrigine, maculopapular eruption, epilepsy	http://www.ebi.ac.uk/efo/EFO_0007661, http://www.ebi.ac.uk/efo/EFO_1001253, http://www.ebi.ac.uk/efo/EFO_0000474	GCST002949	Genome-wide genotyping array
2016-07-11	26220383	Jang HW	2015-06-02	Epilepsy Res	www.ncbi.nlm.nih.gov/pubmed/26220383	GWAS identifies two susceptibility loci for lamotrigine-induced skin rash in patients with epilepsy.	Epilepsy and lamotrigine-induced maculopapular eruptions	34 Korean ancestry cases, 1,080 Korean ancestry healthy controls	NA	7p12.3	7	47036178	TNS3	AC004870.4, AC004870.3			ENSG00000232072, ENSG00000229192			rs12668095-C	rs12668095	0	12668095	intron_variant	0	0.22	5E-7	6.301029995663981		3.4	[NR]	Affymetrix [4893794] (imputed)	N	response to lamotrigine, maculopapular eruption, epilepsy	http://www.ebi.ac.uk/efo/EFO_0007661, http://www.ebi.ac.uk/efo/EFO_1001253, http://www.ebi.ac.uk/efo/EFO_0000474	GCST002949	Genome-wide genotyping array
2016-07-11	26220383	Jang HW	2015-06-02	Epilepsy Res	www.ncbi.nlm.nih.gov/pubmed/26220383	GWAS identifies two susceptibility loci for lamotrigine-induced skin rash in patients with epilepsy.	Epilepsy and lamotrigine-induced maculopapular eruptions	34 Korean ancestry cases, 1,080 Korean ancestry healthy controls	NA	8p21.2	8	27037027	MIR548H4	AC067904.1 - MIR548H4	ENSG00000215288	ENSG00000221616		24656	11826	rs7461897-?	rs7461897	0	7461897	intergenic_variant	1	0.08	5E-7	6.301029995663981		4.1	[NR]	Affymetrix [4893794] (imputed)	N	response to lamotrigine, maculopapular eruption, epilepsy	http://www.ebi.ac.uk/efo/EFO_0007661, http://www.ebi.ac.uk/efo/EFO_1001253, http://www.ebi.ac.uk/efo/EFO_0000474	GCST002949	Genome-wide genotyping array
2016-07-11	26220383	Jang HW	2015-06-02	Epilepsy Res	www.ncbi.nlm.nih.gov/pubmed/26220383	GWAS identifies two susceptibility loci for lamotrigine-induced skin rash in patients with epilepsy.	Epilepsy and lamotrigine-induced maculopapular eruptions	34 Korean ancestry cases, 1,080 Korean ancestry healthy controls	NA	9p22.3	9	16286892	C9orf92, BNC2	C9orf92			ENSG00000205549			rs13287547-?	rs13287547	0	13287547	intron_variant	0	0.04	7E-7	6.154901959985743		4.8	[NR]	Affymetrix [4893794] (imputed)	N	response to lamotrigine, maculopapular eruption, epilepsy	http://www.ebi.ac.uk/efo/EFO_0007661, http://www.ebi.ac.uk/efo/EFO_1001253, http://www.ebi.ac.uk/efo/EFO_0000474	GCST002949	Genome-wide genotyping array
2016-07-11	26220383	Jang HW	2015-06-02	Epilepsy Res	www.ncbi.nlm.nih.gov/pubmed/26220383	GWAS identifies two susceptibility loci for lamotrigine-induced skin rash in patients with epilepsy.	Epilepsy and lamotrigine-induced maculopapular eruptions	34 Korean ancestry cases, 1,080 Korean ancestry healthy controls	NA	9p21.3	9	21354067	IFNA6	IFNA6 - IFNA13	ENSG00000120235	ENSG00000233816		2689	13357	rs74912790-A	rs74912790	0	74912790	intergenic_variant	1	0.01	1E-9	9.0		10.7	[NR]	Affymetrix [4893794] (imputed)	N	response to lamotrigine, maculopapular eruption, epilepsy	http://www.ebi.ac.uk/efo/EFO_0007661, http://www.ebi.ac.uk/efo/EFO_1001253, http://www.ebi.ac.uk/efo/EFO_0000474	GCST002949	Genome-wide genotyping array
2016-07-11	26220383	Jang HW	2015-06-02	Epilepsy Res	www.ncbi.nlm.nih.gov/pubmed/26220383	GWAS identifies two susceptibility loci for lamotrigine-induced skin rash in patients with epilepsy.	Epilepsy and lamotrigine-induced maculopapular eruptions	34 Korean ancestry cases, 1,080 Korean ancestry healthy controls	NA	9p21.2	9	26064687	LOC100506422	FAM71BP1 - AL353753.1	ENSG00000270683	ENSG00000276759		126253	1988	rs75078187-?	rs75078187	0	75078187	intergenic_variant	1	0.01	2E-7	6.698970004336019		8.1	[NR]	Affymetrix [4893794] (imputed)	N	response to lamotrigine, maculopapular eruption, epilepsy	http://www.ebi.ac.uk/efo/EFO_0007661, http://www.ebi.ac.uk/efo/EFO_1001253, http://www.ebi.ac.uk/efo/EFO_0000474	GCST002949	Genome-wide genotyping array
2016-07-11	26220383	Jang HW	2015-06-02	Epilepsy Res	www.ncbi.nlm.nih.gov/pubmed/26220383	GWAS identifies two susceptibility loci for lamotrigine-induced skin rash in patients with epilepsy.	Epilepsy and lamotrigine-induced maculopapular eruptions	34 Korean ancestry cases, 1,080 Korean ancestry healthy controls	NA	9q33.1	9	118668911	intergenic	TPT1P9 - AL355592.1	ENSG00000234782	ENSG00000225050		585529	18841	rs74308953-A	rs74308953	0	74308953	intergenic_variant	1	0.12	2E-10	9.698970004336019		4.6	[NR]	Affymetrix [4893794] (imputed)	N	response to lamotrigine, maculopapular eruption, epilepsy	http://www.ebi.ac.uk/efo/EFO_0007661, http://www.ebi.ac.uk/efo/EFO_1001253, http://www.ebi.ac.uk/efo/EFO_0000474	GCST002949	Genome-wide genotyping array
2016-07-11	26220383	Jang HW	2015-06-02	Epilepsy Res	www.ncbi.nlm.nih.gov/pubmed/26220383	GWAS identifies two susceptibility loci for lamotrigine-induced skin rash in patients with epilepsy.	Epilepsy and lamotrigine-induced maculopapular eruptions	34 Korean ancestry cases, 1,080 Korean ancestry healthy controls	NA	10q25.3	10	116285226	GFRA1, CCDC172	AC012470.1 - CCDC172	ENSG00000285587	ENSG00000182645		4155	39222	rs146173241-?	rs146173241	0	146173241	intergenic_variant	1	0.02	1E-7	7.0		7.3	[NR]	Affymetrix [4893794] (imputed)	N	response to lamotrigine, maculopapular eruption, epilepsy	http://www.ebi.ac.uk/efo/EFO_0007661, http://www.ebi.ac.uk/efo/EFO_1001253, http://www.ebi.ac.uk/efo/EFO_0000474	GCST002949	Genome-wide genotyping array
2016-07-11	26220383	Jang HW	2015-06-02	Epilepsy Res	www.ncbi.nlm.nih.gov/pubmed/26220383	GWAS identifies two susceptibility loci for lamotrigine-induced skin rash in patients with epilepsy.	Epilepsy and lamotrigine-induced maculopapular eruptions	34 Korean ancestry cases, 1,080 Korean ancestry healthy controls	NA	12q23.1	12	97202325	XR_246024.1	AC007656.2 - LINC02409	ENSG00000258131	ENSG00000257920		16716	70367	rs139427007-?	rs139427007	0	139427007	intergenic_variant	1	0.01	4E-7	6.3979400086720375		11.0	[NR]	Affymetrix [4893794] (imputed)	N	response to lamotrigine, maculopapular eruption, epilepsy	http://www.ebi.ac.uk/efo/EFO_0007661, http://www.ebi.ac.uk/efo/EFO_1001253, http://www.ebi.ac.uk/efo/EFO_0000474	GCST002949	Genome-wide genotyping array
2016-07-11	26220383	Jang HW	2015-06-02	Epilepsy Res	www.ncbi.nlm.nih.gov/pubmed/26220383	GWAS identifies two susceptibility loci for lamotrigine-induced skin rash in patients with epilepsy.	Epilepsy and lamotrigine-induced maculopapular eruptions	34 Korean ancestry cases, 1,080 Korean ancestry healthy controls	NA	13q14.3	13	53576772	LINC00558	AL356295.1			ENSG00000287722			rs7328626-?	rs7328626	0	7328626	intron_variant	0	0.01	8E-9	8.096910013008056		9.7	[NR]	Affymetrix [4893794] (imputed)	N	response to lamotrigine, maculopapular eruption, epilepsy	http://www.ebi.ac.uk/efo/EFO_0007661, http://www.ebi.ac.uk/efo/EFO_1001253, http://www.ebi.ac.uk/efo/EFO_0000474	GCST002949	Genome-wide genotyping array
2016-07-11	26220383	Jang HW	2015-06-02	Epilepsy Res	www.ncbi.nlm.nih.gov/pubmed/26220383	GWAS identifies two susceptibility loci for lamotrigine-induced skin rash in patients with epilepsy.	Epilepsy and lamotrigine-induced maculopapular eruptions	34 Korean ancestry cases, 1,080 Korean ancestry healthy controls	NA	13q14.3	13	53683928	LINC00558	AL356295.1			ENSG00000287722			rs9596837-?	rs9596837	0	9596837	intron_variant	0	0.01	4E-9	8.397940008672037		10.1	[NR]	Affymetrix [4893794] (imputed)	N	response to lamotrigine, maculopapular eruption, epilepsy	http://www.ebi.ac.uk/efo/EFO_0007661, http://www.ebi.ac.uk/efo/EFO_1001253, http://www.ebi.ac.uk/efo/EFO_0000474	GCST002949	Genome-wide genotyping array
2016-07-11	26220383	Jang HW	2015-06-02	Epilepsy Res	www.ncbi.nlm.nih.gov/pubmed/26220383	GWAS identifies two susceptibility loci for lamotrigine-induced skin rash in patients with epilepsy.	Epilepsy and lamotrigine-induced maculopapular eruptions	34 Korean ancestry cases, 1,080 Korean ancestry healthy controls	NA	13q14.3	13	53860512	LINC00558	LINC00558			ENSG00000261517			rs9596863-G	rs9596863	0	9596863	intron_variant	0	0.01	8E-11	10.096910013008056		15.2	[NR]	Affymetrix [4893794] (imputed)	N	response to lamotrigine, maculopapular eruption, epilepsy	http://www.ebi.ac.uk/efo/EFO_0007661, http://www.ebi.ac.uk/efo/EFO_1001253, http://www.ebi.ac.uk/efo/EFO_0000474	GCST002949	Genome-wide genotyping array
2016-07-11	26220383	Jang HW	2015-06-02	Epilepsy Res	www.ncbi.nlm.nih.gov/pubmed/26220383	GWAS identifies two susceptibility loci for lamotrigine-induced skin rash in patients with epilepsy.	Epilepsy and lamotrigine-induced maculopapular eruptions	34 Korean ancestry cases, 1,080 Korean ancestry healthy controls	NA	14q23.2	14	63580544	WDR89	AL136038.1 - AL136038.4	ENSG00000205767	ENSG00000270878		12236	13487	rs118166657-?	rs118166657	0	118166657	intergenic_variant	1	0.02	1E-7	7.0		7.2	[NR]	Affymetrix [4893794] (imputed)	N	response to lamotrigine, maculopapular eruption, epilepsy	http://www.ebi.ac.uk/efo/EFO_0007661, http://www.ebi.ac.uk/efo/EFO_1001253, http://www.ebi.ac.uk/efo/EFO_0000474	GCST002949	Genome-wide genotyping array
2016-07-11	26220383	Jang HW	2015-06-02	Epilepsy Res	www.ncbi.nlm.nih.gov/pubmed/26220383	GWAS identifies two susceptibility loci for lamotrigine-induced skin rash in patients with epilepsy.	Epilepsy and lamotrigine-induced maculopapular eruptions	34 Korean ancestry cases, 1,080 Korean ancestry healthy controls	NA	15q24.1	15	72833651	ADPGK-AS1	ADPGK-AS1 - AC103874.1	ENSG00000260898	ENSG00000285729		35452	24703	rs7495694-G	rs7495694	0	7495694	regulatory_region_variant	1	0.02	1E-9	9.0		7.6	[NR]	Affymetrix [4893794] (imputed)	N	response to lamotrigine, maculopapular eruption, epilepsy	http://www.ebi.ac.uk/efo/EFO_0007661, http://www.ebi.ac.uk/efo/EFO_1001253, http://www.ebi.ac.uk/efo/EFO_0000474	GCST002949	Genome-wide genotyping array
2016-07-11	26220383	Jang HW	2015-06-02	Epilepsy Res	www.ncbi.nlm.nih.gov/pubmed/26220383	GWAS identifies two susceptibility loci for lamotrigine-induced skin rash in patients with epilepsy.	Epilepsy and lamotrigine-induced maculopapular eruptions	34 Korean ancestry cases, 1,080 Korean ancestry healthy controls	NA	16p13.3	16	1655793	CRAMP1L, TMEM204, IFT140, HN1L	CRAMP1, AL031708.1			ENSG00000007545, ENSG00000261732			rs79007183-A	rs79007183	0	79007183	intron_variant	0	0.01	3E-10	9.522878745280337		14.0	[NR]	Affymetrix [4893794] (imputed)	N	response to lamotrigine, maculopapular eruption, epilepsy	http://www.ebi.ac.uk/efo/EFO_0007661, http://www.ebi.ac.uk/efo/EFO_1001253, http://www.ebi.ac.uk/efo/EFO_0000474	GCST002949	Genome-wide genotyping array
2016-07-11	26220383	Jang HW	2015-06-02	Epilepsy Res	www.ncbi.nlm.nih.gov/pubmed/26220383	GWAS identifies two susceptibility loci for lamotrigine-induced skin rash in patients with epilepsy.	Epilepsy and lamotrigine-induced maculopapular eruptions	34 Korean ancestry cases, 1,080 Korean ancestry healthy controls	NA	16q24.1	16	84589878	COTL1	COTL1			ENSG00000103187			rs1429264-?	rs1429264	0	1429264	intron_variant	0	0.01	9E-7	6.045757490560675		8.4	[NR]	Affymetrix [4893794] (imputed)	N	response to lamotrigine, maculopapular eruption, epilepsy	http://www.ebi.ac.uk/efo/EFO_0007661, http://www.ebi.ac.uk/efo/EFO_1001253, http://www.ebi.ac.uk/efo/EFO_0000474	GCST002949	Genome-wide genotyping array
2016-07-11	26220383	Jang HW	2015-06-02	Epilepsy Res	www.ncbi.nlm.nih.gov/pubmed/26220383	GWAS identifies two susceptibility loci for lamotrigine-induced skin rash in patients with epilepsy.	Epilepsy and lamotrigine-induced maculopapular eruptions	34 Korean ancestry cases, 1,080 Korean ancestry healthy controls	NA	18p11.22	18	9027916	NDUFV2	RPS4XP19 - NDUFV2	ENSG00000242058	ENSG00000178127		7152	74714	rs11663316-?	rs11663316	0	11663316	intergenic_variant	1	0.07	6E-7	6.221848749616356		4.2	[NR]	Affymetrix [4893794] (imputed)	N	response to lamotrigine, maculopapular eruption, epilepsy	http://www.ebi.ac.uk/efo/EFO_0007661, http://www.ebi.ac.uk/efo/EFO_1001253, http://www.ebi.ac.uk/efo/EFO_0000474	GCST002949	Genome-wide genotyping array
2016-07-11	26220383	Jang HW	2015-06-02	Epilepsy Res	www.ncbi.nlm.nih.gov/pubmed/26220383	GWAS identifies two susceptibility loci for lamotrigine-induced skin rash in patients with epilepsy.	Epilepsy and lamotrigine-induced maculopapular eruptions	34 Korean ancestry cases, 1,080 Korean ancestry healthy controls	NA	18q22.3	18	71429162	LOC100505776	AC091691.2 - LINC01541	ENSG00000265484	ENSG00000260676		192004	90800	rs17084405-A	rs17084405	0	17084405	intergenic_variant	1	0.01	1E-7	7.0		12.1	[NR]	Affymetrix [4893794] (imputed)	N	response to lamotrigine, maculopapular eruption, epilepsy	http://www.ebi.ac.uk/efo/EFO_0007661, http://www.ebi.ac.uk/efo/EFO_1001253, http://www.ebi.ac.uk/efo/EFO_0000474	GCST002949	Genome-wide genotyping array
2016-07-11	26220383	Jang HW	2015-06-02	Epilepsy Res	www.ncbi.nlm.nih.gov/pubmed/26220383	GWAS identifies two susceptibility loci for lamotrigine-induced skin rash in patients with epilepsy.	Epilepsy and lamotrigine-induced maculopapular eruptions	34 Korean ancestry cases, 1,080 Korean ancestry healthy controls	NA	18q22.3	18	71812685	LOC101927537	LINC01899 - AC027458.1	ENSG00000265352	ENSG00000260457		24557	24354	rs970510-?	rs970510	0	970510	intergenic_variant	1	0.02	7E-7	6.154901959985743		6.5	[NR]	Affymetrix [4893794] (imputed)	N	response to lamotrigine, maculopapular eruption, epilepsy	http://www.ebi.ac.uk/efo/EFO_0007661, http://www.ebi.ac.uk/efo/EFO_1001253, http://www.ebi.ac.uk/efo/EFO_0000474	GCST002949	Genome-wide genotyping array
2016-07-11	26220383	Jang HW	2015-06-02	Epilepsy Res	www.ncbi.nlm.nih.gov/pubmed/26220383	GWAS identifies two susceptibility loci for lamotrigine-induced skin rash in patients with epilepsy.	Epilepsy and lamotrigine-induced maculopapular eruptions	34 Korean ancestry cases, 1,080 Korean ancestry healthy controls	NA	8q13.1	8	65952103	DNAJC5B, PDE7A	AC100812.1 - DNAJC5B	ENSG00000272192	ENSG00000147570		108772	69450	rs150435906-?	rs150435906	0	150435906	intergenic_variant	1	0.01	6E-7	6.221848749616356		8.6	[NR]	Affymetrix [4893794] (imputed)	N	response to lamotrigine, maculopapular eruption, epilepsy	http://www.ebi.ac.uk/efo/EFO_0007661, http://www.ebi.ac.uk/efo/EFO_1001253, http://www.ebi.ac.uk/efo/EFO_0000474	GCST002949	Genome-wide genotyping array
2016-07-11	26220383	Jang HW	2015-06-02	Epilepsy Res	www.ncbi.nlm.nih.gov/pubmed/26220383	GWAS identifies two susceptibility loci for lamotrigine-induced skin rash in patients with epilepsy.	Epilepsy and lamotrigine-induced maculopapular eruptions	34 Korean ancestry cases, 1,080 Korean ancestry healthy controls	NA	8q23.1	8	106830066	ABRA	ABRA - AP003789.1	ENSG00000174429	ENSG00000275905		59822	150901	rs2930491-?	rs2930491	0	2930491	intergenic_variant	1	0.07	5E-7	6.301029995663981		4.0	[NR]	Affymetrix [4893794] (imputed)	N	response to lamotrigine, maculopapular eruption, epilepsy	http://www.ebi.ac.uk/efo/EFO_0007661, http://www.ebi.ac.uk/efo/EFO_1001253, http://www.ebi.ac.uk/efo/EFO_0000474	GCST002949	Genome-wide genotyping array
2016-07-11	26220383	Jang HW	2015-06-02	Epilepsy Res	www.ncbi.nlm.nih.gov/pubmed/26220383	GWAS identifies two susceptibility loci for lamotrigine-induced skin rash in patients with epilepsy.	Epilepsy and lamotrigine-induced maculopapular eruptions	34 Korean ancestry cases, 1,080 Korean ancestry healthy controls	NA	10p12.1	10	27419100	PTCHD3	PTCHD3 - RAB18	ENSG00000182077	ENSG00000099246		4732	85074	rs143543475-?	rs143543475	0	143543475	intergenic_variant	1	0.01	4E-7	6.3979400086720375		11.0	[NR]	Affymetrix [4893794] (imputed)	N	response to lamotrigine, maculopapular eruption, epilepsy	http://www.ebi.ac.uk/efo/EFO_0007661, http://www.ebi.ac.uk/efo/EFO_1001253, http://www.ebi.ac.uk/efo/EFO_0000474	GCST002949	Genome-wide genotyping array
2016-07-11	26220383	Jang HW	2015-06-02	Epilepsy Res	www.ncbi.nlm.nih.gov/pubmed/26220383	GWAS identifies two susceptibility loci for lamotrigine-induced skin rash in patients with epilepsy.	Epilepsy and lamotrigine-induced maculopapular eruptions	34 Korean ancestry cases, 1,080 Korean ancestry healthy controls	NA	13q14.3	13	53557781	LINC00558	AL356295.1			ENSG00000287722			rs55949311-?	rs55949311	0	55949311	intron_variant	0	0.01	8E-9	8.096910013008056		9.7	[NR]	Affymetrix [4893794] (imputed)	N	response to lamotrigine, maculopapular eruption, epilepsy	http://www.ebi.ac.uk/efo/EFO_0007661, http://www.ebi.ac.uk/efo/EFO_1001253, http://www.ebi.ac.uk/efo/EFO_0000474	GCST002949	Genome-wide genotyping array
2018-11-12	30009487	Schoeler NE	2018-07-16	Epilepsia	www.ncbi.nlm.nih.gov/pubmed/30009487	Genome-wide association study: Exploring the genetic basis for responsiveness to ketogenic dietary therapies for drug-resistant epilepsy.	Response to ketogenic dietary therapies in epilepsy	123 responders, 112 non-responders	NA	6p25.1	6	4644367	CDYL	AL034376.1 - PSMC1P11	ENSG00000205444	ENSG00000217385		32448	58096	rs12204701-A	rs12204701	0	12204701	regulatory_region_variant	1	0.0938	4E-8	7.3979400086720375		13.5	[4.07‐44.8]	Illumina [4819069] (imputed)	N	response to ketogenic diet, epilepsy	http://www.ebi.ac.uk/efo/EFO_0009372, http://www.ebi.ac.uk/efo/EFO_0000474	GCST006567	Genome-wide genotyping array
2014-03-20	23962720	Speed D	2013-08-19	Hum Mol Genet	www.ncbi.nlm.nih.gov/pubmed/23962720	A genome-wide association study and biological pathway analysis of epilepsy prognosis in a prospective cohort of newly treated epilepsy.	Epilepsy (remission after treatment)	889 European and unknown ancestry epilepsy cases	NA	16p13.2	16	8467743	NR	AC018767.1 - AC074052.1	ENSG00000259819	ENSG00000260379		91467	40326	rs11861787-C	rs11861787	0	11861787	intergenic_variant	1	0.25	3E-6	5.522878745280337		1.8868	[NR]	Illumina [6923995] (imputed)	N	response to drug, epilepsy	http://purl.obolibrary.org/obo/GO_0042493, http://www.ebi.ac.uk/efo/EFO_0000474	GCST002141	Genome-wide genotyping array
2014-03-20	23962720	Speed D	2013-08-19	Hum Mol Genet	www.ncbi.nlm.nih.gov/pubmed/23962720	A genome-wide association study and biological pathway analysis of epilepsy prognosis in a prospective cohort of newly treated epilepsy.	Epilepsy (remission after treatment)	889 European and unknown ancestry epilepsy cases	NA	1q21.1	1	145789475	NR	RNF115			ENSG00000265491			rs12744221-C	rs12744221	0	12744221	intron_variant	0	0.65	6E-6	5.221848749616356		1.66	[NR]	Illumina [6923995] (imputed)	N	response to drug, epilepsy	http://purl.obolibrary.org/obo/GO_0042493, http://www.ebi.ac.uk/efo/EFO_0000474	GCST002141	Genome-wide genotyping array
2014-03-20	23962720	Speed D	2013-08-19	Hum Mol Genet	www.ncbi.nlm.nih.gov/pubmed/23962720	A genome-wide association study and biological pathway analysis of epilepsy prognosis in a prospective cohort of newly treated epilepsy.	Epilepsy (remission after treatment)	889 European and unknown ancestry epilepsy cases	NA	4q34.1	4	175087067	NR	AC022325.2			ENSG00000286494			rs72698613-A	rs72698613	0	72698613	intron_variant	0	0.92	4E-6	5.3979400086720375		2.39	[NR]	Illumina [6923995] (imputed)	N	response to drug, epilepsy	http://purl.obolibrary.org/obo/GO_0042493, http://www.ebi.ac.uk/efo/EFO_0000474	GCST002141	Genome-wide genotyping array
2014-03-20	23962720	Speed D	2013-08-19	Hum Mol Genet	www.ncbi.nlm.nih.gov/pubmed/23962720	A genome-wide association study and biological pathway analysis of epilepsy prognosis in a prospective cohort of newly treated epilepsy.	Epilepsy (remission after treatment)	889 European and unknown ancestry epilepsy cases	NA	5p15.33	5	3276582	NR	AC091832.1 - LINC01019	ENSG00000249808	ENSG00000248118		95095	80682	rs61670327-A	rs61670327	0	61670327	regulatory_region_variant	1	0.52	7E-7	6.154901959985743		1.7241	[NR]	Illumina [6923995] (imputed)	N	response to drug, epilepsy	http://purl.obolibrary.org/obo/GO_0042493, http://www.ebi.ac.uk/efo/EFO_0000474	GCST002141	Genome-wide genotyping array
2014-03-20	23962720	Speed D	2013-08-19	Hum Mol Genet	www.ncbi.nlm.nih.gov/pubmed/23962720	A genome-wide association study and biological pathway analysis of epilepsy prognosis in a prospective cohort of newly treated epilepsy.	Epilepsy (remission after treatment)	889 European and unknown ancestry epilepsy cases	NA	6p12.2	6	52971097	GSTA4	AL121969.1 - GSTA4	ENSG00000288014	ENSG00000170899		231	6851	rs492146-A	rs492146	0	492146	intergenic_variant	1	0.52	2E-7	6.698970004336019		1.7544	[NR]	Illumina [6923995] (imputed)	N	response to drug, epilepsy	http://purl.obolibrary.org/obo/GO_0042493, http://www.ebi.ac.uk/efo/EFO_0000474	GCST002141	Genome-wide genotyping array
2014-03-20	23962720	Speed D	2013-08-19	Hum Mol Genet	www.ncbi.nlm.nih.gov/pubmed/23962720	A genome-wide association study and biological pathway analysis of epilepsy prognosis in a prospective cohort of newly treated epilepsy.	Epilepsy (remission after treatment)	889 European and unknown ancestry epilepsy cases	NA	9p23	9	10505224	PTPRD	PTPRD			ENSG00000153707			rs72700966-C	rs72700966	0	72700966	intron_variant	0	0.92	3E-7	6.522878745280337		2.7	[NR]	Illumina [6923995] (imputed)	N	response to drug, epilepsy	http://purl.obolibrary.org/obo/GO_0042493, http://www.ebi.ac.uk/efo/EFO_0000474	GCST002141	Genome-wide genotyping array
2014-03-20	23962720	Speed D	2013-08-19	Hum Mol Genet	www.ncbi.nlm.nih.gov/pubmed/23962720	A genome-wide association study and biological pathway analysis of epilepsy prognosis in a prospective cohort of newly treated epilepsy.	Epilepsy (remission after treatment)	889 European and unknown ancestry epilepsy cases	NA	15q13.2	15	30606129	ARHGAP11B	GOLGA8H			ENSG00000261794			rs143536437-C	rs143536437	0	143536437	intron_variant	0	0.72	3E-6	5.522878745280337		1.73	[NR]	Illumina [6923995] (imputed)	N	response to drug, epilepsy	http://purl.obolibrary.org/obo/GO_0042493, http://www.ebi.ac.uk/efo/EFO_0000474	GCST002141	Genome-wide genotyping array
2019-05-15	30868120	Berghuis B	2019-01-17	Epilepsia Open	www.ncbi.nlm.nih.gov/pubmed/30868120	A genome-wide association study of sodium levels and drug metabolism in an epilepsy cohort treated with carbamazepine and oxcarbazepine.	Carbamazepine- or oxcarbazepine-induced hyponatremia in epilepsy	448 European ancestry cases, 804 European ancestry controls	NA	3p24.3	3	16742882	NR	AC091493.1 - PLCL2	ENSG00000229271	ENSG00000284017		45403	59769	rs9833158-?	rs9833158	0	9833158	intergenic_variant	1		1E-6	6.0		1.56	[1.32-1.89]	Illumina [NR]	N	carbamazepine-induced hyponatremia, response to oxcarbazepine, oxcarbazepine-induced hyponatremia, epilepsy, response to carbamazepine	http://www.ebi.ac.uk/efo/EFO_0009894, http://www.ebi.ac.uk/efo/EFO_0009893, http://www.ebi.ac.uk/efo/EFO_0009895, http://www.ebi.ac.uk/efo/EFO_0000474, http://www.ebi.ac.uk/efo/EFO_0008484	GCST007809	Genome-wide genotyping array
2019-05-15	30868120	Berghuis B	2019-01-17	Epilepsia Open	www.ncbi.nlm.nih.gov/pubmed/30868120	A genome-wide association study of sodium levels and drug metabolism in an epilepsy cohort treated with carbamazepine and oxcarbazepine.	Carbamazepine- or oxcarbazepine-induced hyponatremia in epilepsy	448 European ancestry cases, 804 European ancestry controls	NA	5q23.1	5	121518937	NR	AC008568.2 - RPL23AP44	ENSG00000279860	ENSG00000244088		153623	56911	rs4895178-?	rs4895178	0	4895178	intergenic_variant	1		1E-6	6.0		1.55	[1.30-1.85]	Illumina [NR]	N	carbamazepine-induced hyponatremia, response to oxcarbazepine, oxcarbazepine-induced hyponatremia, epilepsy, response to carbamazepine	http://www.ebi.ac.uk/efo/EFO_0009894, http://www.ebi.ac.uk/efo/EFO_0009893, http://www.ebi.ac.uk/efo/EFO_0009895, http://www.ebi.ac.uk/efo/EFO_0000474, http://www.ebi.ac.uk/efo/EFO_0008484	GCST007809	Genome-wide genotyping array
2019-05-15	30868120	Berghuis B	2019-01-17	Epilepsia Open	www.ncbi.nlm.nih.gov/pubmed/30868120	A genome-wide association study of sodium levels and drug metabolism in an epilepsy cohort treated with carbamazepine and oxcarbazepine.	Carbamazepine- or oxcarbazepine-induced hyponatremia in epilepsy	448 European ancestry cases, 804 European ancestry controls	NA	5q11.2	5	56067696	NR	AC008892.1			ENSG00000249236			rs148646711-?	rs148646711	0	148646711	intron_variant	0		2E-6	5.698970004336019		1.96	[1.48-2.59]	Illumina [NR]	N	carbamazepine-induced hyponatremia, response to oxcarbazepine, oxcarbazepine-induced hyponatremia, epilepsy, response to carbamazepine	http://www.ebi.ac.uk/efo/EFO_0009894, http://www.ebi.ac.uk/efo/EFO_0009893, http://www.ebi.ac.uk/efo/EFO_0009895, http://www.ebi.ac.uk/efo/EFO_0000474, http://www.ebi.ac.uk/efo/EFO_0008484	GCST007809	Genome-wide genotyping array
2019-05-15	30868120	Berghuis B	2019-01-17	Epilepsia Open	www.ncbi.nlm.nih.gov/pubmed/30868120	A genome-wide association study of sodium levels and drug metabolism in an epilepsy cohort treated with carbamazepine and oxcarbazepine.	Severe carbamazepine- or oxcarbazepine-induced hyponatremia in epilepsy	61 European ancestry cases, at least 804 European ancestry controls	NA	1p13.2	1	114005041	NR	OLFML3			ENSG00000116774			rs1394074-?	rs1394074	0	1394074	intron_variant	0		1E-6	6.0		7.75	[3.41-17.61]	Illumina [NR]	N	carbamazepine-induced hyponatremia, response to oxcarbazepine, oxcarbazepine-induced hyponatremia, epilepsy, response to carbamazepine	http://www.ebi.ac.uk/efo/EFO_0009894, http://www.ebi.ac.uk/efo/EFO_0009893, http://www.ebi.ac.uk/efo/EFO_0009895, http://www.ebi.ac.uk/efo/EFO_0000474, http://www.ebi.ac.uk/efo/EFO_0008484	GCST007810	Genome-wide genotyping array
2019-05-15	30868120	Berghuis B	2019-01-17	Epilepsia Open	www.ncbi.nlm.nih.gov/pubmed/30868120	A genome-wide association study of sodium levels and drug metabolism in an epilepsy cohort treated with carbamazepine and oxcarbazepine.	Severe carbamazepine- or oxcarbazepine-induced hyponatremia in epilepsy	61 European ancestry cases, at least 804 European ancestry controls	NA	12p11.23	12	26322620	NR	AC022509.2, AC024145.1			ENSG00000256234, ENSG00000255968			rs7300380-?	rs7300380	0	7300380	intron_variant	0		2E-6	5.698970004336019		3.07	[1.93-4.87]	Illumina [NR]	N	carbamazepine-induced hyponatremia, response to oxcarbazepine, oxcarbazepine-induced hyponatremia, epilepsy, response to carbamazepine	http://www.ebi.ac.uk/efo/EFO_0009894, http://www.ebi.ac.uk/efo/EFO_0009893, http://www.ebi.ac.uk/efo/EFO_0009895, http://www.ebi.ac.uk/efo/EFO_0000474, http://www.ebi.ac.uk/efo/EFO_0008484	GCST007810	Genome-wide genotyping array
2019-05-15	30868120	Berghuis B	2019-01-17	Epilepsia Open	www.ncbi.nlm.nih.gov/pubmed/30868120	A genome-wide association study of sodium levels and drug metabolism in an epilepsy cohort treated with carbamazepine and oxcarbazepine.	Severe carbamazepine- or oxcarbazepine-induced hyponatremia in epilepsy	61 European ancestry cases, at least 804 European ancestry controls	NA	6p21.31	6	35494090	NR	TEAD3			ENSG00000007866			rs72894781-?	rs72894781	0	72894781	intron_variant	0		7E-6	5.154901959985743		3.43	[2.01-5.87]	Illumina [NR]	N	carbamazepine-induced hyponatremia, response to oxcarbazepine, oxcarbazepine-induced hyponatremia, epilepsy, response to carbamazepine	http://www.ebi.ac.uk/efo/EFO_0009894, http://www.ebi.ac.uk/efo/EFO_0009893, http://www.ebi.ac.uk/efo/EFO_0009895, http://www.ebi.ac.uk/efo/EFO_0000474, http://www.ebi.ac.uk/efo/EFO_0008484	GCST007810	Genome-wide genotyping array
2019-05-15	30868120	Berghuis B	2019-01-17	Epilepsia Open	www.ncbi.nlm.nih.gov/pubmed/30868120	A genome-wide association study of sodium levels and drug metabolism in an epilepsy cohort treated with carbamazepine and oxcarbazepine.	Carbamazepine-induced hyponatremia in epilepsy	331 European ancestry cases, 700 European ancestry controls	NA	3p24.3	3	16742882	NR	AC091493.1 - PLCL2	ENSG00000229271	ENSG00000284017		45403	59769	rs9833158-?	rs9833158	0	9833158	intergenic_variant	1		1E-6	6.0		1.6393442	[1.35-2.04]	Illumina [NR]	N	carbamazepine-induced hyponatremia, epilepsy, response to carbamazepine	http://www.ebi.ac.uk/efo/EFO_0009894, http://www.ebi.ac.uk/efo/EFO_0000474, http://www.ebi.ac.uk/efo/EFO_0008484	GCST007811	Genome-wide genotyping array
2019-05-15	30868120	Berghuis B	2019-01-17	Epilepsia Open	www.ncbi.nlm.nih.gov/pubmed/30868120	A genome-wide association study of sodium levels and drug metabolism in an epilepsy cohort treated with carbamazepine and oxcarbazepine.	Carbamazepine-induced hyponatremia in epilepsy	331 European ancestry cases, 700 European ancestry controls	NA	12q23.3	12	107644147	NR	BTBD11			ENSG00000151136			rs57143981-?	rs57143981	0	57143981	intron_variant	0		2E-6	5.698970004336019		1.98	[1.50-2.62]	Illumina [NR]	N	carbamazepine-induced hyponatremia, epilepsy, response to carbamazepine	http://www.ebi.ac.uk/efo/EFO_0009894, http://www.ebi.ac.uk/efo/EFO_0000474, http://www.ebi.ac.uk/efo/EFO_0008484	GCST007811	Genome-wide genotyping array
2019-05-15	30868120	Berghuis B	2019-01-17	Epilepsia Open	www.ncbi.nlm.nih.gov/pubmed/30868120	A genome-wide association study of sodium levels and drug metabolism in an epilepsy cohort treated with carbamazepine and oxcarbazepine.	Carbamazepine-induced hyponatremia in epilepsy	331 European ancestry cases, 700 European ancestry controls	NA	21q22.11	21	31562069	NR	AP000251.1 - FBXW11P1	ENSG00000237594	ENSG00000230870		1582	65058	rs4817405-?	rs4817405	0	4817405	regulatory_region_variant	1		2E-6	5.698970004336019		1.6129031	[1.33-1.96]	Illumina [NR]	N	carbamazepine-induced hyponatremia, epilepsy, response to carbamazepine	http://www.ebi.ac.uk/efo/EFO_0009894, http://www.ebi.ac.uk/efo/EFO_0000474, http://www.ebi.ac.uk/efo/EFO_0008484	GCST007811	Genome-wide genotyping array
2019-05-15	30868120	Berghuis B	2019-01-17	Epilepsia Open	www.ncbi.nlm.nih.gov/pubmed/30868120	A genome-wide association study of sodium levels and drug metabolism in an epilepsy cohort treated with carbamazepine and oxcarbazepine.	Carbamazepine-induced hyponatremia in epilepsy	331 European ancestry cases, 700 European ancestry controls	NA	10q21.1	10	56719055	NR	AC025039.1 - MIR3924	ENSG00000238707	ENSG00000264747		123024	585424	rs11817796-?	rs11817796	0	11817796	intergenic_variant	1		4E-6	5.3979400086720375		1.74	[1.37-2.19]	Illumina [NR]	N	carbamazepine-induced hyponatremia, epilepsy, response to carbamazepine	http://www.ebi.ac.uk/efo/EFO_0009894, http://www.ebi.ac.uk/efo/EFO_0000474, http://www.ebi.ac.uk/efo/EFO_0008484	GCST007811	Genome-wide genotyping array
2019-05-15	30868120	Berghuis B	2019-01-17	Epilepsia Open	www.ncbi.nlm.nih.gov/pubmed/30868120	A genome-wide association study of sodium levels and drug metabolism in an epilepsy cohort treated with carbamazepine and oxcarbazepine.	Carbamazepine-induced hyponatremia in epilepsy	331 European ancestry cases, 700 European ancestry controls	NA	7q21.12	7	87761845	NR	RUNDC3B			ENSG00000105784			rs35648408-?	rs35648408	0	35648408	intron_variant	0		4E-6	5.3979400086720375		1.7857143	[1.39-2.27]	Illumina [NR]	N	carbamazepine-induced hyponatremia, epilepsy, response to carbamazepine	http://www.ebi.ac.uk/efo/EFO_0009894, http://www.ebi.ac.uk/efo/EFO_0000474, http://www.ebi.ac.uk/efo/EFO_0008484	GCST007811	Genome-wide genotyping array
2019-05-15	30868120	Berghuis B	2019-01-17	Epilepsia Open	www.ncbi.nlm.nih.gov/pubmed/30868120	A genome-wide association study of sodium levels and drug metabolism in an epilepsy cohort treated with carbamazepine and oxcarbazepine.	Carbamazepine-induced hyponatremia in epilepsy	331 European ancestry cases, 700 European ancestry controls	NA	1p36.12	1	20408608	NR	LINC01141			ENSG00000236963			rs12743242-?	rs12743242	0	12743242	intron_variant	0		6E-6	5.221848749616356		1.68	[1.34-2.11]	Illumina [NR]	N	carbamazepine-induced hyponatremia, epilepsy, response to carbamazepine	http://www.ebi.ac.uk/efo/EFO_0009894, http://www.ebi.ac.uk/efo/EFO_0000474, http://www.ebi.ac.uk/efo/EFO_0008484	GCST007811	Genome-wide genotyping array
2019-05-15	30868120	Berghuis B	2019-01-17	Epilepsia Open	www.ncbi.nlm.nih.gov/pubmed/30868120	A genome-wide association study of sodium levels and drug metabolism in an epilepsy cohort treated with carbamazepine and oxcarbazepine.	Carbamazepine-induced hyponatremia in epilepsy	331 European ancestry cases, 700 European ancestry controls	NA	20p12.2	20	11292509	NR	AL049649.1			ENSG00000230990			rs6033092-?	rs6033092	0	6033092	intron_variant	0		7E-6	5.154901959985743		1.55	[1.28-1.87]	Illumina [NR]	N	carbamazepine-induced hyponatremia, epilepsy, response to carbamazepine	http://www.ebi.ac.uk/efo/EFO_0009894, http://www.ebi.ac.uk/efo/EFO_0000474, http://www.ebi.ac.uk/efo/EFO_0008484	GCST007811	Genome-wide genotyping array
2019-05-15	30868120	Berghuis B	2019-01-17	Epilepsia Open	www.ncbi.nlm.nih.gov/pubmed/30868120	A genome-wide association study of sodium levels and drug metabolism in an epilepsy cohort treated with carbamazepine and oxcarbazepine.	Oxcarbazepine-induced hyponatremia in epilepsy	170 European ancestry cases, 127 European ancestry controls	NA	2p24.1	2	19499850	NR	LINC01808			ENSG00000237992			rs1718641-?	rs1718641	0	1718641	intron_variant	0		6E-6	5.221848749616356		2.5	[1.69-3.70]	Illumina [NR]	N	response to oxcarbazepine, oxcarbazepine-induced hyponatremia, epilepsy	http://www.ebi.ac.uk/efo/EFO_0009893, http://www.ebi.ac.uk/efo/EFO_0009895, http://www.ebi.ac.uk/efo/EFO_0000474	GCST007812	Genome-wide genotyping array
2019-05-15	30868120	Berghuis B	2019-01-17	Epilepsia Open	www.ncbi.nlm.nih.gov/pubmed/30868120	A genome-wide association study of sodium levels and drug metabolism in an epilepsy cohort treated with carbamazepine and oxcarbazepine.	Carbamazepine metabolism (carbamazepine-10,11-diol to carbamazepine ratio) in epilepsy	468 European ancestry cases	NA	6q16.3	6	103600059	NR	AL591387.1 - AL590608.1	ENSG00000202283	ENSG00000288084		16791	265964	rs71547482-?	rs71547482	0	71547482	intergenic_variant	1		7E-7	6.154901959985743		0.092	[NR] unit decrease	Illumina [NR]	N	carbamazepine metabolite measurement, epilepsy	http://www.ebi.ac.uk/efo/EFO_0009891, http://www.ebi.ac.uk/efo/EFO_0000474	GCST007813	Genome-wide genotyping array
2019-05-15	30868120	Berghuis B	2019-01-17	Epilepsia Open	www.ncbi.nlm.nih.gov/pubmed/30868120	A genome-wide association study of sodium levels and drug metabolism in an epilepsy cohort treated with carbamazepine and oxcarbazepine.	Carbamazepine metabolism (carbamazepine-10,11-diol to carbamazepine ratio) in epilepsy	468 European ancestry cases	NA	11q14.2	11	85938055	NR	SLC25A1P1 - PICALM	ENSG00000254479	ENSG00000073921		2392	19120	rs111908689-?	rs111908689	0	111908689	regulatory_region_variant	1		1E-6	6.0		0.11	[NR] unit decrease	Illumina [NR]	N	carbamazepine metabolite measurement, epilepsy	http://www.ebi.ac.uk/efo/EFO_0009891, http://www.ebi.ac.uk/efo/EFO_0000474	GCST007813	Genome-wide genotyping array
2019-05-15	30868120	Berghuis B	2019-01-17	Epilepsia Open	www.ncbi.nlm.nih.gov/pubmed/30868120	A genome-wide association study of sodium levels and drug metabolism in an epilepsy cohort treated with carbamazepine and oxcarbazepine.	Carbamazepine metabolism (carbamazepine-10,11-diol to carbamazepine ratio) in epilepsy	468 European ancestry cases	NA	11q23.1	11	112211286	NR	BCO2			ENSG00000197580			rs11214136-?	rs11214136	0	11214136	intron_variant	0		1E-6	6.0		0.095	[NR] unit decrease	Illumina [NR]	N	carbamazepine metabolite measurement, epilepsy	http://www.ebi.ac.uk/efo/EFO_0009891, http://www.ebi.ac.uk/efo/EFO_0000474	GCST007813	Genome-wide genotyping array
2012-11-02	22949513	EPICURE Consortium	2012-09-04	Hum Mol Genet	www.ncbi.nlm.nih.gov/pubmed/22949513	Genome-wide association analysis of genetic generalized epilepsies implicates susceptibility loci at 1q43, 2p16.1, 2q22.3 and 17q21.32.	Generalized epilepsy	702 European ancestry genetic absence epilepsies cases, 586 European ancestry juvenile myoclonic epilepsy cases, 239 European ancestry other genetic generalized epilepsies cases, 2,461 European ancestry controls	347 European ancestry genetic absence epilepsies trios, 166 European ancestry juvenile myoclonic epilepsy trios, 91 European ancestry other genetic generalized epilepsies trios, 385 European ancestry genetic absence epilepsies cases, 382 European ancestry juvenile myoclonic epilepsy cases, 122 European ancestry other genetic generalized epilepsies cases, up to 889 European ancestry controls	1p35.1	1	34285335	C1orf94	AC115286.1 - AC099565.1	ENSG00000270241	ENSG00000287703		8043	354822	rs771390-C	rs771390	0	771390	intergenic_variant	1	0.757	6E-7	6.221848749616356	(All GGE)	1.22	[1.12-1.32]	Affymetrix [4560000] (imputed)	N	epilepsy	http://www.ebi.ac.uk/efo/EFO_0000474	GCST001662	Genome-wide genotyping array
2012-11-02	22949513	EPICURE Consortium	2012-09-04	Hum Mol Genet	www.ncbi.nlm.nih.gov/pubmed/22949513	Genome-wide association analysis of genetic generalized epilepsies implicates susceptibility loci at 1q43, 2p16.1, 2q22.3 and 17q21.32.	Generalized epilepsy	702 European ancestry genetic absence epilepsies cases, 586 European ancestry juvenile myoclonic epilepsy cases, 239 European ancestry other genetic generalized epilepsies cases, 2,461 European ancestry controls	347 European ancestry genetic absence epilepsies trios, 166 European ancestry juvenile myoclonic epilepsy trios, 91 European ancestry other genetic generalized epilepsies trios, 385 European ancestry genetic absence epilepsies cases, 382 European ancestry juvenile myoclonic epilepsy cases, 122 European ancestry other genetic generalized epilepsies cases, up to 889 European ancestry controls	2p16.1	2	57706920	intergenic	AC073875.1 - ACTG1P22	ENSG00000212168	ENSG00000271615		162321	48508	rs13026414-C	rs13026414	0	13026414	intergenic_variant	1	.576	2E-9	8.698970004336019	(All GGE)	1.23	[1.15-1.32]	Affymetrix [4560000] (imputed)	N	epilepsy	http://www.ebi.ac.uk/efo/EFO_0000474	GCST001662	Genome-wide genotyping array
2012-11-02	22949513	EPICURE Consortium	2012-09-04	Hum Mol Genet	www.ncbi.nlm.nih.gov/pubmed/22949513	Genome-wide association analysis of genetic generalized epilepsies implicates susceptibility loci at 1q43, 2p16.1, 2q22.3 and 17q21.32.	Generalized epilepsy	702 European ancestry genetic absence epilepsies cases, 586 European ancestry juvenile myoclonic epilepsy cases, 239 European ancestry other genetic generalized epilepsies cases, 2,461 European ancestry controls	347 European ancestry genetic absence epilepsies trios, 166 European ancestry juvenile myoclonic epilepsy trios, 91 European ancestry other genetic generalized epilepsies trios, 385 European ancestry genetic absence epilepsies cases, 382 European ancestry juvenile myoclonic epilepsy cases, 122 European ancestry other genetic generalized epilepsies cases, up to 889 European ancestry controls	2q24.3	2	166086767	SCN1A	SCN1A, SCN1A-AS1			ENSG00000144285, ENSG00000236107			rs11890028-T	rs11890028	0	11890028	intron_variant	0	0.688	4E-6	5.3979400086720375	(All GGE)	1.18	[1.09-1.27]	Affymetrix [4560000] (imputed)	N	epilepsy	http://www.ebi.ac.uk/efo/EFO_0000474	GCST001662	Genome-wide genotyping array
2012-11-02	22949513	EPICURE Consortium	2012-09-04	Hum Mol Genet	www.ncbi.nlm.nih.gov/pubmed/22949513	Genome-wide association analysis of genetic generalized epilepsies implicates susceptibility loci at 1q43, 2p16.1, 2q22.3 and 17q21.32.	Generalized epilepsy	702 European ancestry genetic absence epilepsies cases, 586 European ancestry juvenile myoclonic epilepsy cases, 239 European ancestry other genetic generalized epilepsies cases, 2,461 European ancestry controls	347 European ancestry genetic absence epilepsies trios, 166 European ancestry juvenile myoclonic epilepsy trios, 91 European ancestry other genetic generalized epilepsies trios, 385 European ancestry genetic absence epilepsies cases, 382 European ancestry juvenile myoclonic epilepsy cases, 122 European ancestry other genetic generalized epilepsies cases, up to 889 European ancestry controls	17q21.32	17	48045642	SNX11, SKAP1, CDK5RAP3, PNPO, ATAD4, COPZ2, hsa-mir-152, NFE2L1, CBX1	AC004477.1			ENSG00000263412			rs72823592-G	rs72823592	0	72823592	non_coding_transcript_exon_variant	0	0.753	9E-9	8.045757490560675	(All GGE)	1.3	[1.20-1.41]	Affymetrix [4560000] (imputed)	N	epilepsy	http://www.ebi.ac.uk/efo/EFO_0000474	GCST001662	Genome-wide genotyping array
2012-11-02	22949513	EPICURE Consortium	2012-09-04	Hum Mol Genet	www.ncbi.nlm.nih.gov/pubmed/22949513	Genome-wide association analysis of genetic generalized epilepsies implicates susceptibility loci at 1q43, 2p16.1, 2q22.3 and 17q21.32.	Generalized epilepsy	702 European ancestry genetic absence epilepsies cases, 586 European ancestry juvenile myoclonic epilepsy cases, 239 European ancestry other genetic generalized epilepsies cases, 2,461 European ancestry controls	347 European ancestry genetic absence epilepsies trios, 166 European ancestry juvenile myoclonic epilepsy trios, 91 European ancestry other genetic generalized epilepsies trios, 385 European ancestry genetic absence epilepsies cases, 382 European ancestry juvenile myoclonic epilepsy cases, 122 European ancestry other genetic generalized epilepsies cases, up to 889 European ancestry controls	1q31.1	1	186900940	PLA2G4A	PLA2G4A			ENSG00000116711			rs12720541-T	rs12720541	0	12720541	intron_variant	0	0.264	9E-6	5.045757490560675	(GAE)	1.21	[1.10-1.35]	Affymetrix [4560000] (imputed)	N	epilepsy	http://www.ebi.ac.uk/efo/EFO_0000474	GCST001662	Genome-wide genotyping array
2012-11-02	22949513	EPICURE Consortium	2012-09-04	Hum Mol Genet	www.ncbi.nlm.nih.gov/pubmed/22949513	Genome-wide association analysis of genetic generalized epilepsies implicates susceptibility loci at 1q43, 2p16.1, 2q22.3 and 17q21.32.	Generalized epilepsy	702 European ancestry genetic absence epilepsies cases, 586 European ancestry juvenile myoclonic epilepsy cases, 239 European ancestry other genetic generalized epilepsies cases, 2,461 European ancestry controls	347 European ancestry genetic absence epilepsies trios, 166 European ancestry juvenile myoclonic epilepsy trios, 91 European ancestry other genetic generalized epilepsies trios, 385 European ancestry genetic absence epilepsies cases, 382 European ancestry juvenile myoclonic epilepsy cases, 122 European ancestry other genetic generalized epilepsies cases, up to 889 European ancestry controls	2p16.1	2	57867738	intergenic	ACTG1P22 - VRK2	ENSG00000271615	ENSG00000028116		101686	39891	rs2717068-T	rs2717068	0	2717068	intergenic_variant	1	0.412	4E-7	6.3979400086720375	(GAE)	1.27	[1.16-1.40]	Affymetrix [4560000] (imputed)	N	epilepsy	http://www.ebi.ac.uk/efo/EFO_0000474	GCST001662	Genome-wide genotyping array
2012-11-02	22949513	EPICURE Consortium	2012-09-04	Hum Mol Genet	www.ncbi.nlm.nih.gov/pubmed/22949513	Genome-wide association analysis of genetic generalized epilepsies implicates susceptibility loci at 1q43, 2p16.1, 2q22.3 and 17q21.32.	Generalized epilepsy	702 European ancestry genetic absence epilepsies cases, 586 European ancestry juvenile myoclonic epilepsy cases, 239 European ancestry other genetic generalized epilepsies cases, 2,461 European ancestry controls	347 European ancestry genetic absence epilepsies trios, 166 European ancestry juvenile myoclonic epilepsy trios, 91 European ancestry other genetic generalized epilepsies trios, 385 European ancestry genetic absence epilepsies cases, 382 European ancestry juvenile myoclonic epilepsy cases, 122 European ancestry other genetic generalized epilepsies cases, up to 889 European ancestry controls	2q22.3	2	144602342	ZEB2	LINC01412 - TEX41	ENSG00000232606	ENSG00000226674		22908	63970	rs10496964-C	rs10496964	0	10496964	intergenic_variant	1	0.844	9E-9	8.045757490560675	(GAE)	1.47	[1.28-1.67]	Affymetrix [4560000] (imputed)	N	epilepsy	http://www.ebi.ac.uk/efo/EFO_0000474	GCST001662	Genome-wide genotyping array
2012-11-02	22949513	EPICURE Consortium	2012-09-04	Hum Mol Genet	www.ncbi.nlm.nih.gov/pubmed/22949513	Genome-wide association analysis of genetic generalized epilepsies implicates susceptibility loci at 1q43, 2p16.1, 2q22.3 and 17q21.32.	Generalized epilepsy	702 European ancestry genetic absence epilepsies cases, 586 European ancestry juvenile myoclonic epilepsy cases, 239 European ancestry other genetic generalized epilepsies cases, 2,461 European ancestry controls	347 European ancestry genetic absence epilepsies trios, 166 European ancestry juvenile myoclonic epilepsy trios, 91 European ancestry other genetic generalized epilepsies trios, 385 European ancestry genetic absence epilepsies cases, 382 European ancestry juvenile myoclonic epilepsy cases, 122 European ancestry other genetic generalized epilepsies cases, up to 889 European ancestry controls	4q31.23	4	149804060	intergenic	IQCM			ENSG00000234828			rs10030601-C	rs10030601	0	10030601	intron_variant	0	0.035	1E-6	6.0	(GAE)	1.58	[1.29-1.93]	Affymetrix [4560000] (imputed)	N	epilepsy	http://www.ebi.ac.uk/efo/EFO_0000474	GCST001662	Genome-wide genotyping array
2012-11-02	22949513	EPICURE Consortium	2012-09-04	Hum Mol Genet	www.ncbi.nlm.nih.gov/pubmed/22949513	Genome-wide association analysis of genetic generalized epilepsies implicates susceptibility loci at 1q43, 2p16.1, 2q22.3 and 17q21.32.	Generalized epilepsy	702 European ancestry genetic absence epilepsies cases, 586 European ancestry juvenile myoclonic epilepsy cases, 239 European ancestry other genetic generalized epilepsies cases, 2,461 European ancestry controls	347 European ancestry genetic absence epilepsies trios, 166 European ancestry juvenile myoclonic epilepsy trios, 91 European ancestry other genetic generalized epilepsies trios, 385 European ancestry genetic absence epilepsies cases, 382 European ancestry juvenile myoclonic epilepsy cases, 122 European ancestry other genetic generalized epilepsies cases, up to 889 European ancestry controls	1q43	1	239806797	CHRM3	CHRM3			ENSG00000133019			rs12059546-G	rs12059546	0	12059546	intron_variant	0	.172	4E-8	7.3979400086720375	(JME)	1.42	[1.26-1.61]	Affymetrix [4560000] (imputed)	N	epilepsy	http://www.ebi.ac.uk/efo/EFO_0000474	GCST001662	Genome-wide genotyping array
2012-11-02	22949513	EPICURE Consortium	2012-09-04	Hum Mol Genet	www.ncbi.nlm.nih.gov/pubmed/22949513	Genome-wide association analysis of genetic generalized epilepsies implicates susceptibility loci at 1q43, 2p16.1, 2q22.3 and 17q21.32.	Generalized epilepsy	702 European ancestry genetic absence epilepsies cases, 586 European ancestry juvenile myoclonic epilepsy cases, 239 European ancestry other genetic generalized epilepsies cases, 2,461 European ancestry controls	347 European ancestry genetic absence epilepsies trios, 166 European ancestry juvenile myoclonic epilepsy trios, 91 European ancestry other genetic generalized epilepsies trios, 385 European ancestry genetic absence epilepsies cases, 382 European ancestry juvenile myoclonic epilepsy cases, 122 European ancestry other genetic generalized epilepsies cases, up to 889 European ancestry controls	5q12.3	5	66856430	MAST4	MAST4			ENSG00000069020			rs39861-C	rs39861	0	39861	intron_variant	0	.235	3E-7	6.522878745280337	(JME)	1.26	[1.13-1.41]	Affymetrix [4560000] (imputed)	N	epilepsy	http://www.ebi.ac.uk/efo/EFO_0000474	GCST001662	Genome-wide genotyping array
2019-03-19	30531953	International League Against Epilepsy Consortium on Complex Epilepsies	2018-12-10	Nat Commun	www.ncbi.nlm.nih.gov/pubmed/30531953	Genome-wide mega-analysis identifies 16 loci and highlights diverse biological mechanisms in the common epilepsies.	Epilepsy	14,534 European ancestry cases, 531 Han Chinese ancestry cases, 147 African American cases, 24,218 European ancestry controls, 2,875 Han Chinese ancestry controls, 2,584 African American controls	NA	2p16.1	2	57723211	BCL11A, FANCL	AC073875.1 - ACTG1P22	ENSG00000212168	ENSG00000271615		178612	32217	rs4671319-G	rs4671319	0	4671319	intergenic_variant	1	0.44	8E-9	8.096910013008056		5.77	unit increase	Affymetrix, Illumina [~ 5000000] (imputed)	N	epilepsy	http://www.ebi.ac.uk/efo/EFO_0000474	GCST007343	Genome-wide genotyping array
2019-03-19	30531953	International League Against Epilepsy Consortium on Complex Epilepsies	2018-12-10	Nat Commun	www.ncbi.nlm.nih.gov/pubmed/30531953	Genome-wide mega-analysis identifies 16 loci and highlights diverse biological mechanisms in the common epilepsies.	Epilepsy	14,534 European ancestry cases, 531 Han Chinese ancestry cases, 147 African American cases, 24,218 European ancestry controls, 2,875 Han Chinese ancestry controls, 2,584 African American controls	NA	2q24.3	2	166142257	SCN3A, SCN2A, TTC21B, SCN1A	SCN1A-AS1, SCN1A			ENSG00000236107, ENSG00000144285			rs6432877-G	rs6432877	0	6432877	intron_variant	0	0.26	2E-13	12.698970004336019		7.37	unit increase	Affymetrix, Illumina [~ 5000000] (imputed)	N	epilepsy	http://www.ebi.ac.uk/efo/EFO_0000474	GCST007343	Genome-wide genotyping array
2019-03-19	30531953	International League Against Epilepsy Consortium on Complex Epilepsies	2018-12-10	Nat Commun	www.ncbi.nlm.nih.gov/pubmed/30531953	Genome-wide mega-analysis identifies 16 loci and highlights diverse biological mechanisms in the common epilepsies.	Epilepsy	14,534 European ancestry cases, 531 Han Chinese ancestry cases, 147 African American cases, 24,218 European ancestry controls, 2,875 Han Chinese ancestry controls, 2,584 African American controls	NA	16q12.1	16	50011928	HEATR3, BRD7	AC007603.3 - CNEP1R1	ENSG00000283365	ENSG00000205423		43198	12482	rs4638568-A	rs4638568	0	4638568	regulatory_region_variant	1	0.06	4E-8	7.3979400086720375		5.49	unit decrease	Affymetrix, Illumina [~ 5000000] (imputed)	N	epilepsy	http://www.ebi.ac.uk/efo/EFO_0000474	GCST007343	Genome-wide genotyping array
2015-04-03	25087078	Anney RJ	2014-07-30	Lancet Neurol	www.ncbi.nlm.nih.gov/pubmed/25087078	Genetic determinants of common epilepsies: a meta-analysis of genome-wide association studies.	Epilepsy	405 European ancestry cases, 127 African American cases, 248 cases, 2,330 European ancestry genetic generalised epilepsy cases, 81 African American genetic generalised epilepsy cases, 195 genetic generalised epilepsy cases, 3,277 European ancestry focal epilepsy cases, 222 African American focal epilepsy cases, 487 Han Chinese ancestry focal epilepsy cases, 1,324 focal epilepsy cases, up to 17,441 European ancestry controls, up to 2,843 African American controls, up to 2,875 Han Chinese ancestry controls, up to 2,998 controls	NA	2q24.3	2	166038556	SCN1A	SCN1A, SCN1A-AS1			ENSG00000144285, ENSG00000236107			rs6732655-T	rs6732655	0	6732655	intron_variant	0	0.78	9E-10	9.045757490560675	(All epilepsy)	1.12	[1.08-1.16]	Affymetrix, Illumina [NR] (imputed)	N	epilepsy	http://www.ebi.ac.uk/efo/EFO_0000474	GCST002547	Genome-wide genotyping array
2015-04-03	25087078	Anney RJ	2014-07-30	Lancet Neurol	www.ncbi.nlm.nih.gov/pubmed/25087078	Genetic determinants of common epilepsies: a meta-analysis of genome-wide association studies.	Epilepsy	405 European ancestry cases, 127 African American cases, 248 cases, 2,330 European ancestry genetic generalised epilepsy cases, 81 African American genetic generalised epilepsy cases, 195 genetic generalised epilepsy cases, 3,277 European ancestry focal epilepsy cases, 222 African American focal epilepsy cases, 487 Han Chinese ancestry focal epilepsy cases, 1,324 focal epilepsy cases, up to 17,441 European ancestry controls, up to 2,843 African American controls, up to 2,875 Han Chinese ancestry controls, up to 2,998 controls	NA	4p15.1	4	31149735	PCDH7	PCDH7 - LINC02497	ENSG00000169851	ENSG00000251182		2930	21278	rs28498976-A	rs28498976	0	28498976	regulatory_region_variant	1	0.46	5E-9	8.301029995663981	(All epilepsy)	1.11	[1.06-1.15]	Affymetrix, Illumina [NR] (imputed)	N	epilepsy	http://www.ebi.ac.uk/efo/EFO_0000474	GCST002547	Genome-wide genotyping array
2015-04-03	25087078	Anney RJ	2014-07-30	Lancet Neurol	www.ncbi.nlm.nih.gov/pubmed/25087078	Genetic determinants of common epilepsies: a meta-analysis of genome-wide association studies.	Epilepsy	405 European ancestry cases, 127 African American cases, 248 cases, 2,330 European ancestry genetic generalised epilepsy cases, 81 African American genetic generalised epilepsy cases, 195 genetic generalised epilepsy cases, 3,277 European ancestry focal epilepsy cases, 222 African American focal epilepsy cases, 487 Han Chinese ancestry focal epilepsy cases, 1,324 focal epilepsy cases, up to 17,441 European ancestry controls, up to 2,843 African American controls, up to 2,875 Han Chinese ancestry controls, up to 2,998 controls	NA	3q26.2	3	168143620	GOLIM4	GOLIM4 - EGFEM1P	ENSG00000173905	ENSG00000206120		47696	105902	rs111577701-C	rs111577701	0	111577701	intergenic_variant	1	0.91	4E-7	6.3979400086720375	(All epilepsy)	1.16	[1.09-1.24]	Affymetrix, Illumina [NR] (imputed)	N	epilepsy	http://www.ebi.ac.uk/efo/EFO_0000474	GCST002547	Genome-wide genotyping array
2015-04-03	25087078	Anney RJ	2014-07-30	Lancet Neurol	www.ncbi.nlm.nih.gov/pubmed/25087078	Genetic determinants of common epilepsies: a meta-analysis of genome-wide association studies.	Epilepsy	405 European ancestry cases, 127 African American cases, 248 cases, 2,330 European ancestry genetic generalised epilepsy cases, 81 African American genetic generalised epilepsy cases, 195 genetic generalised epilepsy cases, 3,277 European ancestry focal epilepsy cases, 222 African American focal epilepsy cases, 487 Han Chinese ancestry focal epilepsy cases, 1,324 focal epilepsy cases, up to 17,441 European ancestry controls, up to 2,843 African American controls, up to 2,875 Han Chinese ancestry controls, up to 2,998 controls	NA	4p12	4	46238270	GABRA2	GABRG1 - AC104072.1	ENSG00000163285	ENSG00000260878		114216	5278	rs535066-G	rs535066	0	535066	intergenic_variant	1	0.4	2E-7	6.698970004336019	(All epilepsy)	1.1	[1.05-1.16]	Affymetrix, Illumina [NR] (imputed)	N	epilepsy	http://www.ebi.ac.uk/efo/EFO_0000474	GCST002547	Genome-wide genotyping array
