DATE ADDED TO CATALOG	PUBMEDID	FIRST AUTHOR	DATE	JOURNAL	LINK	STUDY	DISEASE/TRAIT	INITIAL SAMPLE SIZE	REPLICATION SAMPLE SIZE	REGION	CHR_ID	CHR_POS	REPORTED GENE(S)	MAPPED_GENE	UPSTREAM_GENE_ID	DOWNSTREAM_GENE_ID	SNP_GENE_IDS	UPSTREAM_GENE_DISTANCE	DOWNSTREAM_GENE_DISTANCE	STRONGEST SNP-RISK ALLELE	SNPS	MERGED	SNP_ID_CURRENT	CONTEXT	INTERGENIC	RISK ALLELE FREQUENCY	P-VALUE	PVALUE_MLOG	P-VALUE (TEXT)	OR or BETA	95% CI (TEXT)	PLATFORM [SNPS PASSING QC]	CNV	MAPPED_TRAIT	MAPPED_TRAIT_URI	STUDY ACCESSION	GENOTYPING TECHNOLOGY
2015-07-17	24931836	Diekstra FP	2014-06-27	Ann Neurol	www.ncbi.nlm.nih.gov/pubmed/24931836	C9orf72 and UNC13A are shared risk loci for amyotrophic lateral sclerosis and frontotemporal dementia: a genome-wide meta-analysis.	Frontotemporal dementia	435 European ancestry cases, 1,414 European ancestry controls	NA	19p13.11	19	17641880	UNC13A	UNC13A			ENSG00000130477			rs12608932-C	rs12608932	0	12608932	intron_variant	0	0.35	7E-6	5.154901959985743		1.46	[NR]	Illumina [~ 1400000] (imputed)	N	Frontotemporal dementia	http://www.orpha.net/ORDO/Orphanet_282	GCST002508	Genome-wide genotyping array
2016-04-28	26154020	Ferrari R	2015-06-12	Neurobiol Aging	www.ncbi.nlm.nih.gov/pubmed/26154020	A genome-wide screening and SNPs-to-genes approach to identify novel genetic risk factors associated with frontotemporal dementia.	Frontotemporal dementia	530 European ancestry cases, 926 European ancestry controls	NA	17q25.3	17	81199662	C17orf89, CEP131, ENTHD2	AC027601.3, CEP131			ENSG00000262115, ENSG00000141577			rs906175-T	rs906175	0	906175	non_coding_transcript_exon_variant	0	0.48	1E-7	7.0		1.58	[1.33-1.87]	Illumina [2292247] (imputed)	N	Frontotemporal dementia	http://www.orpha.net/ORDO/Orphanet_282	GCST002960	Genome-wide genotyping array
2016-04-28	26154020	Ferrari R	2015-06-12	Neurobiol Aging	www.ncbi.nlm.nih.gov/pubmed/26154020	A genome-wide screening and SNPs-to-genes approach to identify novel genetic risk factors associated with frontotemporal dementia.	Frontotemporal dementia	530 European ancestry cases, 926 European ancestry controls	NA	2p16.3	2	52372929	LOC730100	LINC01867, AC007402.1			ENSG00000225444, ENSG00000231918			rs17042852-C	rs17042852	0	17042852	intron_variant	0	0.04	2E-7	6.698970004336019		2.82	[1.91-4.18]	Illumina [2292247] (imputed)	N	Frontotemporal dementia	http://www.orpha.net/ORDO/Orphanet_282	GCST002960	Genome-wide genotyping array
2016-04-28	26154020	Ferrari R	2015-06-12	Neurobiol Aging	www.ncbi.nlm.nih.gov/pubmed/26154020	A genome-wide screening and SNPs-to-genes approach to identify novel genetic risk factors associated with frontotemporal dementia.	Frontotemporal dementia	530 European ancestry cases, 926 European ancestry controls	NA	4q31.23	4	147592468	TMEM184C	LINC02507			ENSG00000251688			rs11099660-C	rs11099660	0	11099660	intron_variant	0	0.7	3E-6	5.522878745280337		1.57	[1.37-1.77]	Illumina [2292247] (imputed)	N	Frontotemporal dementia	http://www.orpha.net/ORDO/Orphanet_282	GCST002960	Genome-wide genotyping array
2016-04-28	26154020	Ferrari R	2015-06-12	Neurobiol Aging	www.ncbi.nlm.nih.gov/pubmed/26154020	A genome-wide screening and SNPs-to-genes approach to identify novel genetic risk factors associated with frontotemporal dementia.	Frontotemporal dementia	530 European ancestry cases, 926 European ancestry controls	NA	10q22.3	10	79434463	ZCCHC24	ZCCHC24			ENSG00000165424			rs4980079-T	rs4980079	0	4980079	intron_variant	0	0.45	5E-6	5.301029995663981		1.46	[1.30-1.62]	Illumina [2292247] (imputed)	N	Frontotemporal dementia	http://www.orpha.net/ORDO/Orphanet_282	GCST002960	Genome-wide genotyping array
2016-04-28	26154020	Ferrari R	2015-06-12	Neurobiol Aging	www.ncbi.nlm.nih.gov/pubmed/26154020	A genome-wide screening and SNPs-to-genes approach to identify novel genetic risk factors associated with frontotemporal dementia.	Frontotemporal dementia	530 European ancestry cases, 926 European ancestry controls	NA	19q13.32	19	44888997	PVRL2	NECTIN2, AC011481.2			ENSG00000130202, ENSG00000267282			rs6857-T	rs6857	0	6857	3_prime_UTR_variant	0	0.13	8E-6	5.096910013008056		1.7	[1.46-1.94]	Illumina [2292247] (imputed)	N	Frontotemporal dementia	http://www.orpha.net/ORDO/Orphanet_282	GCST002960	Genome-wide genotyping array
2016-04-28	26154020	Ferrari R	2015-06-12	Neurobiol Aging	www.ncbi.nlm.nih.gov/pubmed/26154020	A genome-wide screening and SNPs-to-genes approach to identify novel genetic risk factors associated with frontotemporal dementia.	Frontotemporal dementia	530 European ancestry cases, 926 European ancestry controls	NA	17q25.3	17;17;17;17;17;17;17	81218646;81222014;81239762;81199662;81218630;81228529;81204174	CEP131, ENTHD2, C17orf89	CEP131; CEP131; NDUFAF8; AC027601.3; CEP131; CEP131; TEPSIN; CEP131						rs9319617-?; rs969413-?; rs2255166-?; rs906175-?; rs2725391-?; rs1048775-?; rs2659030-?	rs9319617; rs969413; rs2255166; rs906175; rs2725391; rs1048775; rs2659030	0		intron_variant; intron_variant; non_coding_transcript_exon_variant; non_coding_transcript_exon_variant; intron_variant; 3_prime_UTR_variant; intron_variant		NR	8E-7	6.096910013008056		1.49	[1.27-1.72]	Illumina [2292247] (imputed)	N	Frontotemporal dementia	http://www.orpha.net/ORDO/Orphanet_282	GCST002960	Genome-wide genotyping array
2016-04-28	26154020	Ferrari R	2015-06-12	Neurobiol Aging	www.ncbi.nlm.nih.gov/pubmed/26154020	A genome-wide screening and SNPs-to-genes approach to identify novel genetic risk factors associated with frontotemporal dementia.	Frontotemporal dementia	530 European ancestry cases, 926 European ancestry controls	NA	17q25.3	17;17;17;17;17;17;17	81218646;81222014;81239762;81199662;81218630;81228529;81204174	ENTHD2, C17orf89, CEP131	CEP131; CEP131; NDUFAF8; AC027601.3; CEP131; CEP131; TEPSIN; CEP131						rs9319617-T; rs969413-A; rs2255166-C; rs906175-T; rs2725391-T; rs1048775-C; rs2659030-A	rs9319617; rs969413; rs2255166; rs906175; rs2725391; rs1048775; rs2659030	0		intron_variant; intron_variant; non_coding_transcript_exon_variant; non_coding_transcript_exon_variant; intron_variant; 3_prime_UTR_variant; intron_variant		0.43	4E-6	5.3979400086720375		1.45	[1.23-1.69]	Illumina [2292247] (imputed)	N	Frontotemporal dementia	http://www.orpha.net/ORDO/Orphanet_282	GCST002960	Genome-wide genotyping array
2016-04-28	26154020	Ferrari R	2015-06-12	Neurobiol Aging	www.ncbi.nlm.nih.gov/pubmed/26154020	A genome-wide screening and SNPs-to-genes approach to identify novel genetic risk factors associated with frontotemporal dementia.	Frontotemporal dementia	530 European ancestry cases, 926 European ancestry controls	NA	17q12	17	37713484	HNF1B	HNF1B, HNF1B			ENSG00000276194, ENSG00000275410			rs3110643-C	rs3110643	0	3110643	intron_variant	0	0.16	4E-6	5.3979400086720375		1.65	[1.43-1.87]	Illumina [2292247] (imputed)	N	Frontotemporal dementia	http://www.orpha.net/ORDO/Orphanet_282	GCST002960	Genome-wide genotyping array
2017-05-26	28128768	Ferrari R	2017-01-23	J Alzheimers Dis	www.ncbi.nlm.nih.gov/pubmed/28128768	Effects of Multiple Genetic Loci on Age at Onset in Frontotemporal Dementia.	Frontotemporal dementia (age at onset)	411 Italian ancestry cases	NA	13q21.1	13	58556158	LOC101926897, LOC105370219, LOC105370220	CTAGE16P - DNAJA1P1	ENSG00000214335	ENSG00000223717		25132	194889	rs9527836-?	rs9527836	0	9527836	intergenic_variant	1	NR	8E-6	5.096910013008056		1.23		Illumina [~ 2500000] (imputed)	N	age at onset, Frontotemporal dementia	http://www.ebi.ac.uk/efo/EFO_0004847, http://www.orpha.net/ORDO/Orphanet_282	GCST004096	Genome-wide genotyping array
2015-07-17	24931836	Diekstra FP	2014-06-27	Ann Neurol	www.ncbi.nlm.nih.gov/pubmed/24931836	C9orf72 and UNC13A are shared risk loci for amyotrophic lateral sclerosis and frontotemporal dementia: a genome-wide meta-analysis.	Amyotrophic lateral sclerosis or frontotemporal dementia	4,377 European ancestry ALS cases, 435 European ancestry FTD cases, 14,431 European ancestry controls	4,056 European ancestry ALS cases, 3,958 European ancestry controls	8q24.13	8	125070323	SQLE, NSMCE2, KIAA0196	WASHC5			ENSG00000164961			rs12546767-?	rs12546767	0	12546767	intron_variant	0	0.90	1E-7	7.0		1.22	[NR]	Illumina [~ 1400000] (imputed)	N	amyotrophic lateral sclerosis, Frontotemporal dementia	http://www.ebi.ac.uk/efo/EFO_0000253, http://www.orpha.net/ORDO/Orphanet_282	GCST002510	Genome-wide genotyping array
2016-04-28	26154020	Ferrari R	2015-06-12	Neurobiol Aging	www.ncbi.nlm.nih.gov/pubmed/26154020	A genome-wide screening and SNPs-to-genes approach to identify novel genetic risk factors associated with frontotemporal dementia.	Frontotemporal dementia	530 European ancestry cases, 926 European ancestry controls	NA	17q25.3	17;17;17;17;17;17;17;17;17;17;17;17	81218646;81204396;81220205;81222014;81221221;81239762;81199662;81244914;81218630;81228529;81217926;81204174	CEP131, ENTHD2, C17orf89	CEP131; CEP131; CEP131; CEP131; CEP131; NDUFAF8; AC027601.3; CEP131; SLC38A10; CEP131; TEPSIN; CEP131; CEP131						rs9319617-?; rs9912789-?; rs12939525-?; rs969413-?; rs8073077-?; rs2255166-?; rs906175-?; rs2659005-?; rs2725391-?; rs1048775-?; rs9896850-?; rs2659030-?	rs9319617; rs9912789; rs12939525; rs969413; rs8073077; rs2255166; rs906175; rs2659005; rs2725391; rs1048775; rs9896850; rs2659030	0		intron_variant; intron_variant; intron_variant; intron_variant; intron_variant; non_coding_transcript_exon_variant; non_coding_transcript_exon_variant; 3_prime_UTR_variant; intron_variant; 3_prime_UTR_variant; intron_variant; intron_variant		NR	7E-6	5.154901959985743		1.44	[1.22-1.69]	Illumina [2292247] (imputed)	N	Frontotemporal dementia	http://www.orpha.net/ORDO/Orphanet_282	GCST002960	Genome-wide genotyping array
2018-08-24	29724592	Pottier C	2018-04-30	Lancet Neurol	www.ncbi.nlm.nih.gov/pubmed/29724592	Potential genetic modifiers of disease risk and age at onset in patients with frontotemporal lobar degeneration and GRN mutations: a genome-wide association study.	Frontotemporal dementia with GRN mutation (age at onset)	382 European ancestry individuals	67 European ancestry individuals	20p12.1	20	17683901	RRBP1	RRBP1 - BANF2	ENSG00000125844	ENSG00000125888		1606	9771	rs6111609-A	rs6111609	0	6111609	intergenic_variant	1	0.28	5E-6	5.301029995663981		2.78	[1.59-3.97] unit increase	Illumina [7033776] (imputed)	N	age at onset, Frontotemporal dementia	http://www.ebi.ac.uk/efo/EFO_0004847, http://www.orpha.net/ORDO/Orphanet_282	GCST006149	Genome-wide genotyping array
2018-08-24	29724592	Pottier C	2018-04-30	Lancet Neurol	www.ncbi.nlm.nih.gov/pubmed/29724592	Potential genetic modifiers of disease risk and age at onset in patients with frontotemporal lobar degeneration and GRN mutations: a genome-wide association study.	Memory dysfunction in frontotemporal lobe dementia	139 European ancestry cases, 243 European ancestry controls	NA	8p12	8	33431749	FUT10	FUT10			ENSG00000172728			rs2732260-A	rs2732260	0	2732260	intron_variant	0	0.03	1E-6	6.0		5.64	[4.93-6.35]	Illumina [7033776] (imputed)	N	memory impairment, Frontotemporal dementia	http://www.ebi.ac.uk/efo/EFO_0001072, http://www.orpha.net/ORDO/Orphanet_282	GCST006151	Genome-wide genotyping array
2018-08-24	29724592	Pottier C	2018-04-30	Lancet Neurol	www.ncbi.nlm.nih.gov/pubmed/29724592	Potential genetic modifiers of disease risk and age at onset in patients with frontotemporal lobar degeneration and GRN mutations: a genome-wide association study.	Memory dysfunction in frontotemporal lobe dementia	139 European ancestry cases, 243 European ancestry controls	NA	7q21.11	7	79474577	MAGI2	MAGI2-AS3 - NUP35P2	ENSG00000234456	ENSG00000226285		3369	69334	rs1034797-G	rs1034797	0	1034797	intergenic_variant	1	0.08	5E-6	5.301029995663981		3.84	[3.27-4.41]	Illumina [7033776] (imputed)	N	memory impairment, Frontotemporal dementia	http://www.ebi.ac.uk/efo/EFO_0001072, http://www.orpha.net/ORDO/Orphanet_282	GCST006151	Genome-wide genotyping array
2018-08-24	29724592	Pottier C	2018-04-30	Lancet Neurol	www.ncbi.nlm.nih.gov/pubmed/29724592	Potential genetic modifiers of disease risk and age at onset in patients with frontotemporal lobar degeneration and GRN mutations: a genome-wide association study.	Memory dysfunction in frontotemporal lobe dementia	139 European ancestry cases, 243 European ancestry controls	NA	17q11.2	17	32040171	LRRC37B	LRRC37B, SH3GL1P1			ENSG00000185158, ENSG00000266777			rs28649357-G	rs28649357	0	28649357	non_coding_transcript_exon_variant	0	0.14	8E-6	5.096910013008056		2.61	[2.20-3.02]	Illumina [7033776] (imputed)	N	memory impairment, Frontotemporal dementia	http://www.ebi.ac.uk/efo/EFO_0001072, http://www.orpha.net/ORDO/Orphanet_282	GCST006151	Genome-wide genotyping array
2018-08-24	29724592	Pottier C	2018-04-30	Lancet Neurol	www.ncbi.nlm.nih.gov/pubmed/29724592	Potential genetic modifiers of disease risk and age at onset in patients with frontotemporal lobar degeneration and GRN mutations: a genome-wide association study.	Memory dysfunction in frontotemporal lobe dementia	139 European ancestry cases, 243 European ancestry controls	NA	2q23.3	2	152703130	PRPF40A	PRPF40A			ENSG00000196504			rs13012521-T	rs13012521	0	13012521	intron_variant	0	0.09	8E-6	5.096910013008056		2.99	[2.50-3.48]	Illumina [7033776] (imputed)	N	memory impairment, Frontotemporal dementia	http://www.ebi.ac.uk/efo/EFO_0001072, http://www.orpha.net/ORDO/Orphanet_282	GCST006151	Genome-wide genotyping array
2018-08-24	29724592	Pottier C	2018-04-30	Lancet Neurol	www.ncbi.nlm.nih.gov/pubmed/29724592	Potential genetic modifiers of disease risk and age at onset in patients with frontotemporal lobar degeneration and GRN mutations: a genome-wide association study.	Memory dysfunction in frontotemporal lobe dementia	139 European ancestry cases, 243 European ancestry controls	NA	22q13.33	22	50713296	SHANK3	SHANK3			ENSG00000251322			rs6010061-T	rs6010061	0	6010061	intron_variant	0	0.36	8E-6	5.096910013008056		2.173913	[1.25-9.09]	Illumina [7033776] (imputed)	N	memory impairment, Frontotemporal dementia	http://www.ebi.ac.uk/efo/EFO_0001072, http://www.orpha.net/ORDO/Orphanet_282	GCST006151	Genome-wide genotyping array
2018-08-24	29724592	Pottier C	2018-04-30	Lancet Neurol	www.ncbi.nlm.nih.gov/pubmed/29724592	Potential genetic modifiers of disease risk and age at onset in patients with frontotemporal lobar degeneration and GRN mutations: a genome-wide association study.	Memory dysfunction in frontotemporal lobe dementia	139 European ancestry cases, 243 European ancestry controls	NA	4q28.1	4	125446831	FAT4	FAT4			ENSG00000196159			rs10084892-C	rs10084892	0	10084892	intron_variant	0	0.1	9E-6	5.045757490560675		2.94	[2.47-3.41]	Illumina [7033776] (imputed)	N	memory impairment, Frontotemporal dementia	http://www.ebi.ac.uk/efo/EFO_0001072, http://www.orpha.net/ORDO/Orphanet_282	GCST006151	Genome-wide genotyping array
2018-08-24	29724592	Pottier C	2018-04-30	Lancet Neurol	www.ncbi.nlm.nih.gov/pubmed/29724592	Potential genetic modifiers of disease risk and age at onset in patients with frontotemporal lobar degeneration and GRN mutations: a genome-wide association study.	Language impairment in frontotemporal lobe dementia	169 European ancestry cases, 213 European ancestry controls	NA	7q36.3	7	157088226	UBE3C	AC006967.1			ENSG00000229365			rs12671090-G	rs12671090	0	12671090	non_coding_transcript_exon_variant	0	0.6	4E-6	5.3979400086720375		2.2727273	[1.27-11.11]	Illumina [7033776] (imputed)	N	language impairment, Frontotemporal dementia	http://www.ebi.ac.uk/efo/EFO_0005425, http://www.orpha.net/ORDO/Orphanet_282	GCST006152	Genome-wide genotyping array
2018-08-24	29724592	Pottier C	2018-04-30	Lancet Neurol	www.ncbi.nlm.nih.gov/pubmed/29724592	Potential genetic modifiers of disease risk and age at onset in patients with frontotemporal lobar degeneration and GRN mutations: a genome-wide association study.	Language impairment in frontotemporal lobe dementia	169 European ancestry cases, 213 European ancestry controls	NA	9p24.3	9	1121085	DMRT2	DMRT2 - AL356498.1	ENSG00000173253	ENSG00000224836		63533	30722	rs10959548-T	rs10959548	0	10959548	intergenic_variant	1	0.3	6E-6	5.221848749616356		2.12	[1.79-2.45]	Illumina [7033776] (imputed)	N	language impairment, Frontotemporal dementia	http://www.ebi.ac.uk/efo/EFO_0005425, http://www.orpha.net/ORDO/Orphanet_282	GCST006152	Genome-wide genotyping array
2018-08-24	29724592	Pottier C	2018-04-30	Lancet Neurol	www.ncbi.nlm.nih.gov/pubmed/29724592	Potential genetic modifiers of disease risk and age at onset in patients with frontotemporal lobar degeneration and GRN mutations: a genome-wide association study.	Parkinsonism in frontotemporal lobe dementia	184 European ancestry cases, 198 European ancestry controls	NA	3p26.3	3	374758	CHL1	CHL1-AS1, CHL1			ENSG00000234661, ENSG00000134121			rs3773384-C	rs3773384	0	3773384	intron_variant	0	0.58	4E-6	5.3979400086720375		2.3255813	[1.28-12.5]	Illumina [7033776] (imputed)	N	Parkinson's disease, Frontotemporal dementia	http://www.ebi.ac.uk/efo/EFO_0002508, http://www.orpha.net/ORDO/Orphanet_282	GCST006153	Genome-wide genotyping array
2018-08-24	29724592	Pottier C	2018-04-30	Lancet Neurol	www.ncbi.nlm.nih.gov/pubmed/29724592	Potential genetic modifiers of disease risk and age at onset in patients with frontotemporal lobar degeneration and GRN mutations: a genome-wide association study.	Parkinsonism in frontotemporal lobe dementia	184 European ancestry cases, 198 European ancestry controls	NA	12q13.13	12	53403452	SP1	SP1			ENSG00000185591			rs34656641-C	rs34656641	0	34656641	intron_variant	0	0.08	8E-6	5.096910013008056		3.26	[2.75-3.77]	Illumina [7033776] (imputed)	N	Parkinson's disease, Frontotemporal dementia	http://www.ebi.ac.uk/efo/EFO_0002508, http://www.orpha.net/ORDO/Orphanet_282	GCST006153	Genome-wide genotyping array
2018-08-24	29724592	Pottier C	2018-04-30	Lancet Neurol	www.ncbi.nlm.nih.gov/pubmed/29724592	Potential genetic modifiers of disease risk and age at onset in patients with frontotemporal lobar degeneration and GRN mutations: a genome-wide association study.	Parkinsonism in frontotemporal lobe dementia	184 European ancestry cases, 198 European ancestry controls	NA	14q23.1	14	59154251	DAAM1	LINC01500			ENSG00000258583			rs17833740-T	rs17833740	0	17833740	intron_variant	0	0.29	9E-6	5.045757490560675		2.17	[1.84-2.50]	Illumina [7033776] (imputed)	N	Parkinson's disease, Frontotemporal dementia	http://www.ebi.ac.uk/efo/EFO_0002508, http://www.orpha.net/ORDO/Orphanet_282	GCST006153	Genome-wide genotyping array
2018-08-24	29724592	Pottier C	2018-04-30	Lancet Neurol	www.ncbi.nlm.nih.gov/pubmed/29724592	Potential genetic modifiers of disease risk and age at onset in patients with frontotemporal lobar degeneration and GRN mutations: a genome-wide association study.	Frontotemporal dementia	382 European ancestry GRN mutation carrier cases, 1,146 European ancestry controls	67 GRN mutation carrier European ancestry cases, 143 GRN-negative European ancestry cases, 1,798 European ancestry controls	7p21.3	7	12243703	TMEM106B	TMEM106B - VWDE	ENSG00000106460	ENSG00000146530		336	87182	rs7791726-G	rs7791726	0	7791726	intergenic_variant	1	0.58	4E-16	15.397940008672037		1.8518518	[1.59-2.17]	Illumina [7033776] (imputed)	N	Frontotemporal dementia	http://www.orpha.net/ORDO/Orphanet_282	GCST006154	Genome-wide genotyping array
2018-08-24	29724592	Pottier C	2018-04-30	Lancet Neurol	www.ncbi.nlm.nih.gov/pubmed/29724592	Potential genetic modifiers of disease risk and age at onset in patients with frontotemporal lobar degeneration and GRN mutations: a genome-wide association study.	Frontotemporal dementia	382 European ancestry GRN mutation carrier cases, 1,146 European ancestry controls	67 GRN mutation carrier European ancestry cases, 143 GRN-negative European ancestry cases, 1,798 European ancestry controls	8p23.1	8	11765703	NEIL2	C8orf49 - NEIL2	ENSG00000285217	ENSG00000154328		2480	3936	rs10101195-C	rs10101195	0	10101195	regulatory_region_variant	1	0.77	4E-6	5.3979400086720375		1.4705882	[1.25-1.72]	Illumina [7033776] (imputed)	N	Frontotemporal dementia	http://www.orpha.net/ORDO/Orphanet_282	GCST006154	Genome-wide genotyping array
2018-08-24	29724592	Pottier C	2018-04-30	Lancet Neurol	www.ncbi.nlm.nih.gov/pubmed/29724592	Potential genetic modifiers of disease risk and age at onset in patients with frontotemporal lobar degeneration and GRN mutations: a genome-wide association study.	Frontotemporal dementia	382 European ancestry GRN mutation carrier cases, 1,146 European ancestry controls	67 GRN mutation carrier European ancestry cases, 143 GRN-negative European ancestry cases, 1,798 European ancestry controls	9q31.3	9	109659155	PALM2	PALM2-AKAP2			ENSG00000157654			rs10816848-T	rs10816848	0	10816848	intron_variant	0	0.51	6E-6	5.221848749616356		1.4492754	[1.18-1.54]	Illumina [7033776] (imputed)	N	Frontotemporal dementia	http://www.orpha.net/ORDO/Orphanet_282	GCST006154	Genome-wide genotyping array
2018-08-24	29724592	Pottier C	2018-04-30	Lancet Neurol	www.ncbi.nlm.nih.gov/pubmed/29724592	Potential genetic modifiers of disease risk and age at onset in patients with frontotemporal lobar degeneration and GRN mutations: a genome-wide association study.	Frontotemporal dementia	382 European ancestry GRN mutation carrier cases, 1,146 European ancestry controls	67 GRN mutation carrier European ancestry cases, 143 GRN-negative European ancestry cases, 1,798 European ancestry controls	8p21.3	8	21763735	GFRA2	GFRA2			ENSG00000168546			rs36196656-A	rs36196656	0	36196656	intron_variant	0	0.37	2E-8	7.698970004336019		1.49	[1.30-1.71]	Illumina [7033776] (imputed)	N	Frontotemporal dementia	http://www.orpha.net/ORDO/Orphanet_282	GCST006154	Genome-wide genotyping array
2018-08-24	29724592	Pottier C	2018-04-30	Lancet Neurol	www.ncbi.nlm.nih.gov/pubmed/29724592	Potential genetic modifiers of disease risk and age at onset in patients with frontotemporal lobar degeneration and GRN mutations: a genome-wide association study.	Frontotemporal dementia	382 European ancestry GRN mutation carrier cases, 1,146 European ancestry controls	67 GRN mutation carrier European ancestry cases, 143 GRN-negative European ancestry cases, 1,798 European ancestry controls	12q23.1	12	96805878	NEDD1	CFAP54			ENSG00000188596			rs10860097-T	rs10860097	0	10860097	intron_variant	0	0.02	5E-6	5.301029995663981		2.38	[1.64-3.45]	Illumina [7033776] (imputed)	N	Frontotemporal dementia	http://www.orpha.net/ORDO/Orphanet_282	GCST006154	Genome-wide genotyping array
2018-08-24	29724592	Pottier C	2018-04-30	Lancet Neurol	www.ncbi.nlm.nih.gov/pubmed/29724592	Potential genetic modifiers of disease risk and age at onset in patients with frontotemporal lobar degeneration and GRN mutations: a genome-wide association study.	Frontotemporal dementia	382 European ancestry GRN mutation carrier cases, 1,146 European ancestry controls	67 GRN mutation carrier European ancestry cases, 143 GRN-negative European ancestry cases, 1,798 European ancestry controls	18q23	18	79168989	ATP9B	ATP9B			ENSG00000166377			rs7240419-A	rs7240419	0	7240419	intron_variant	0	0.22	6E-6	5.221848749616356		1.41	[1.21-1.63]	Illumina [7033776] (imputed)	N	Frontotemporal dementia	http://www.orpha.net/ORDO/Orphanet_282	GCST006154	Genome-wide genotyping array
2018-08-24	29724592	Pottier C	2018-04-30	Lancet Neurol	www.ncbi.nlm.nih.gov/pubmed/29724592	Potential genetic modifiers of disease risk and age at onset in patients with frontotemporal lobar degeneration and GRN mutations: a genome-wide association study.	Behavioural changes in frontotemporal lobe dementia	262 European ancestry cases, 120 European ancestry controls	NA	7q31.1	7	107837310	SLC26A3	PIGCP2 - DLD	ENSG00000229626	ENSG00000091140		27742	53852	rs73191662-C	rs73191662	0	73191662	regulatory_region_variant	1	0.72	2E-6	5.698970004336019		2.7027025	[1.28-25]	Illumina [7033776] (imputed)	N	Frontotemporal dementia, behavior	http://www.orpha.net/ORDO/Orphanet_282, http://purl.obolibrary.org/obo/GO_0007610	GCST006146	Genome-wide genotyping array
2018-08-24	29724592	Pottier C	2018-04-30	Lancet Neurol	www.ncbi.nlm.nih.gov/pubmed/29724592	Potential genetic modifiers of disease risk and age at onset in patients with frontotemporal lobar degeneration and GRN mutations: a genome-wide association study.	Behavioural changes in frontotemporal lobe dementia	262 European ancestry cases, 120 European ancestry controls	NA	6q22.32	6	126184256	TRMT11	TRMT11			ENSG00000066651			rs1455740-G	rs1455740	0	1455740	intron_variant	0	0.68	7E-6	5.154901959985743		2.4390244	[1.25-50]	Illumina [7033776] (imputed)	N	Frontotemporal dementia, behavior	http://www.orpha.net/ORDO/Orphanet_282, http://purl.obolibrary.org/obo/GO_0007610	GCST006146	Genome-wide genotyping array
2018-08-24	29724592	Pottier C	2018-04-30	Lancet Neurol	www.ncbi.nlm.nih.gov/pubmed/29724592	Potential genetic modifiers of disease risk and age at onset in patients with frontotemporal lobar degeneration and GRN mutations: a genome-wide association study.	Behavioural changes in frontotemporal lobe dementia	262 European ancestry cases, 120 European ancestry controls	NA	16q22.3	16	73431477	ZFHX3	LINC01568, ZFHX3			ENSG00000258779, ENSG00000140836			rs4888280-A	rs4888280	0	4888280	intron_variant	0	0.33	7E-6	5.154901959985743		2.0	[1.71-2.29]	Illumina [7033776] (imputed)	N	Frontotemporal dementia, behavior	http://www.orpha.net/ORDO/Orphanet_282, http://purl.obolibrary.org/obo/GO_0007610	GCST006146	Genome-wide genotyping array
2018-08-24	29724592	Pottier C	2018-04-30	Lancet Neurol	www.ncbi.nlm.nih.gov/pubmed/29724592	Potential genetic modifiers of disease risk and age at onset in patients with frontotemporal lobar degeneration and GRN mutations: a genome-wide association study.	Frontotemporal dementia (age at onset)	382 European ancestry GRN mutation carrier individuals	67 European ancestry GRN mutation carrier individuals, 143 European ancestry GRN negative individuals	3q26.2	3	171170409	TNIK	TNIK			ENSG00000154310			rs6809184-T	rs6809184	0	6809184	intron_variant	0	0.09	1E-6	6.0		5.46	unit decrease	Illumina [7033776] (imputed)	N	age at onset, Frontotemporal dementia	http://www.ebi.ac.uk/efo/EFO_0004847, http://www.orpha.net/ORDO/Orphanet_282	GCST006147	Genome-wide genotyping array
2018-08-24	29724592	Pottier C	2018-04-30	Lancet Neurol	www.ncbi.nlm.nih.gov/pubmed/29724592	Potential genetic modifiers of disease risk and age at onset in patients with frontotemporal lobar degeneration and GRN mutations: a genome-wide association study.	Frontotemporal dementia (age at onset)	382 European ancestry GRN mutation carrier individuals	67 European ancestry GRN mutation carrier individuals, 143 European ancestry GRN negative individuals	7p21.3	7	7484595	COL28A1	COL28A1			ENSG00000215018			rs6962939-A	rs6962939	0	6962939	intron_variant	0	0.06	8E-7	6.096910013008056		6.04	unit decrease	Illumina [7033776] (imputed)	N	age at onset, Frontotemporal dementia	http://www.ebi.ac.uk/efo/EFO_0004847, http://www.orpha.net/ORDO/Orphanet_282	GCST006147	Genome-wide genotyping array
2018-08-24	29724592	Pottier C	2018-04-30	Lancet Neurol	www.ncbi.nlm.nih.gov/pubmed/29724592	Potential genetic modifiers of disease risk and age at onset in patients with frontotemporal lobar degeneration and GRN mutations: a genome-wide association study.	Frontotemporal dementia (age at onset)	382 European ancestry GRN mutation carrier individuals	67 European ancestry GRN mutation carrier individuals, 143 European ancestry GRN negative individuals	8q11.23	8	52168991	ST18	ST18			ENSG00000147488			rs9792144-G	rs9792144	0	9792144	intron_variant	0	0.18	8E-7	6.096910013008056		3.78	unit increase	Illumina [7033776] (imputed)	N	age at onset, Frontotemporal dementia	http://www.ebi.ac.uk/efo/EFO_0004847, http://www.orpha.net/ORDO/Orphanet_282	GCST006147	Genome-wide genotyping array
2018-08-24	29724592	Pottier C	2018-04-30	Lancet Neurol	www.ncbi.nlm.nih.gov/pubmed/29724592	Potential genetic modifiers of disease risk and age at onset in patients with frontotemporal lobar degeneration and GRN mutations: a genome-wide association study.	Frontotemporal dementia (age at onset)	382 European ancestry GRN mutation carrier individuals	67 European ancestry GRN mutation carrier individuals, 143 European ancestry GRN negative individuals	20p12.2	20	10922123	JAG1	AL050403.2			ENSG00000270792			rs6108746-C	rs6108746	0	6108746	intron_variant	0	0.25	3E-7	6.522878745280337		3.19	unit increase	Illumina [7033776] (imputed)	N	age at onset, Frontotemporal dementia	http://www.ebi.ac.uk/efo/EFO_0004847, http://www.orpha.net/ORDO/Orphanet_282	GCST006147	Genome-wide genotyping array
2018-08-24	29724592	Pottier C	2018-04-30	Lancet Neurol	www.ncbi.nlm.nih.gov/pubmed/29724592	Potential genetic modifiers of disease risk and age at onset in patients with frontotemporal lobar degeneration and GRN mutations: a genome-wide association study.	Frontotemporal dementia (age at onset)	382 European ancestry GRN mutation carrier individuals	67 European ancestry GRN mutation carrier individuals, 143 European ancestry GRN negative individuals	20p12.1	20	17683901	RRBP1	RRBP1 - BANF2	ENSG00000125844	ENSG00000125888		1606	9771	rs6111609-A	rs6111609	0	6111609	intergenic_variant	1	0.22	1E-6	6.0		2.86	unit increase	Illumina [7033776] (imputed)	N	age at onset, Frontotemporal dementia	http://www.ebi.ac.uk/efo/EFO_0004847, http://www.orpha.net/ORDO/Orphanet_282	GCST006147	Genome-wide genotyping array
2018-08-24	29724592	Pottier C	2018-04-30	Lancet Neurol	www.ncbi.nlm.nih.gov/pubmed/29724592	Potential genetic modifiers of disease risk and age at onset in patients with frontotemporal lobar degeneration and GRN mutations: a genome-wide association study.	Frontotemporal dementia with GRN mutation	382 European ancestry cases, 1,146 European ancestry controls	67 European ancestry cases, 1,798 European ancestry controls	9q31.3	9	109659155	PALM2	PALM2-AKAP2			ENSG00000157654			rs10816848-T	rs10816848	0	10816848	intron_variant	0	0.51	5E-6	5.301029995663981		1.4285715	[1.22-1.67]	Illumina [7033776] (imputed)	N	Frontotemporal dementia	http://www.orpha.net/ORDO/Orphanet_282	GCST006148	Genome-wide genotyping array
2018-08-24	29724592	Pottier C	2018-04-30	Lancet Neurol	www.ncbi.nlm.nih.gov/pubmed/29724592	Potential genetic modifiers of disease risk and age at onset in patients with frontotemporal lobar degeneration and GRN mutations: a genome-wide association study.	Frontotemporal dementia with GRN mutation	382 European ancestry cases, 1,146 European ancestry controls	67 European ancestry cases, 1,798 European ancestry controls	5q21.3	5	109519605	PJA2	AC091917.1 - KRT18P42	ENSG00000248440	ENSG00000214794		20497	68733	rs79095029-C	rs79095029	0	79095029	regulatory_region_variant	1	0.92	4E-6	5.3979400086720375		2.564103	[1.69-3.7]	Illumina [7033776] (imputed)	N	Frontotemporal dementia	http://www.orpha.net/ORDO/Orphanet_282	GCST006148	Genome-wide genotyping array
2018-08-24	29724592	Pottier C	2018-04-30	Lancet Neurol	www.ncbi.nlm.nih.gov/pubmed/29724592	Potential genetic modifiers of disease risk and age at onset in patients with frontotemporal lobar degeneration and GRN mutations: a genome-wide association study.	Frontotemporal dementia with GRN mutation	382 European ancestry cases, 1,146 European ancestry controls	67 European ancestry cases, 1,798 European ancestry controls	2q33.3	2	206134615	NDUFS1	NDUFS1, NDUFS1			ENSG00000283447, ENSG00000023228			rs13393316-A	rs13393316	0	13393316	intron_variant	0	0.86	1E-6	6.0		1.8867927	[1.47-2.44]	Illumina [7033776] (imputed)	N	Frontotemporal dementia	http://www.orpha.net/ORDO/Orphanet_282	GCST006148	Genome-wide genotyping array
2018-08-24	29724592	Pottier C	2018-04-30	Lancet Neurol	www.ncbi.nlm.nih.gov/pubmed/29724592	Potential genetic modifiers of disease risk and age at onset in patients with frontotemporal lobar degeneration and GRN mutations: a genome-wide association study.	Frontotemporal dementia with GRN mutation	382 European ancestry cases, 1,146 European ancestry controls	67 European ancestry cases, 1,798 European ancestry controls	7p21.3	7	12243703	TMEM106B	TMEM106B - VWDE	ENSG00000106460	ENSG00000146530		336	87182	rs7791726-G	rs7791726	0	7791726	intergenic_variant	1	0.58	2E-14	13.698970004336019		2.0	[1.67-2.38]	Illumina [7033776] (imputed)	N	Frontotemporal dementia	http://www.orpha.net/ORDO/Orphanet_282	GCST006148	Genome-wide genotyping array
2018-08-24	29724592	Pottier C	2018-04-30	Lancet Neurol	www.ncbi.nlm.nih.gov/pubmed/29724592	Potential genetic modifiers of disease risk and age at onset in patients with frontotemporal lobar degeneration and GRN mutations: a genome-wide association study.	Frontotemporal dementia with GRN mutation	382 European ancestry cases, 1,146 European ancestry controls	67 European ancestry cases, 1,798 European ancestry controls	8p23.1	8	11765703	NEIL2	C8orf49 - NEIL2	ENSG00000285217	ENSG00000154328		2480	3936	rs10101195-C	rs10101195	0	10101195	regulatory_region_variant	1	0.77	1E-6	6.0		1.6129031	[1.33-1.96]	Illumina [7033776] (imputed)	N	Frontotemporal dementia	http://www.orpha.net/ORDO/Orphanet_282	GCST006148	Genome-wide genotyping array
2018-08-24	29724592	Pottier C	2018-04-30	Lancet Neurol	www.ncbi.nlm.nih.gov/pubmed/29724592	Potential genetic modifiers of disease risk and age at onset in patients with frontotemporal lobar degeneration and GRN mutations: a genome-wide association study.	Frontotemporal dementia with GRN mutation	382 European ancestry cases, 1,146 European ancestry controls	67 European ancestry cases, 1,798 European ancestry controls	8p21.3	8	21763735	GFRA2	GFRA2			ENSG00000168546			rs36196656-A	rs36196656	0	36196656	intron_variant	0	0.65	1E-7	7.0		1.55	[1.32-1.82]	Illumina [7033776] (imputed)	N	Frontotemporal dementia	http://www.orpha.net/ORDO/Orphanet_282	GCST006148	Genome-wide genotyping array
2018-08-24	29724592	Pottier C	2018-04-30	Lancet Neurol	www.ncbi.nlm.nih.gov/pubmed/29724592	Potential genetic modifiers of disease risk and age at onset in patients with frontotemporal lobar degeneration and GRN mutations: a genome-wide association study.	Frontotemporal dementia with GRN mutation	382 European ancestry cases, 1,146 European ancestry controls	67 European ancestry cases, 1,798 European ancestry controls	3q29	3	197409951	BDH1	AL121981.1 - AC128709.2	ENSG00000286870	ENSG00000235126		69245	35110	rs13072484-A	rs13072484	0	13072484	intergenic_variant	1	0.78	1E-6	6.0		1.51	[1.28-1.78]	Illumina [7033776] (imputed)	N	Frontotemporal dementia	http://www.orpha.net/ORDO/Orphanet_282	GCST006148	Genome-wide genotyping array
2018-08-24	29724592	Pottier C	2018-04-30	Lancet Neurol	www.ncbi.nlm.nih.gov/pubmed/29724592	Potential genetic modifiers of disease risk and age at onset in patients with frontotemporal lobar degeneration and GRN mutations: a genome-wide association study.	Frontotemporal dementia with GRN mutation	382 European ancestry cases, 1,146 European ancestry controls	67 European ancestry cases, 1,798 European ancestry controls	7p14.1	7	38113711	STARD3NL	SFRP4 - STARD3NL	ENSG00000106483	ENSG00000010270		88016	64511	rs62443267-C	rs62443267	0	62443267	intergenic_variant	1	0.75	6E-6	5.221848749616356		1.54	[1.28-4.35]	Illumina [7033776] (imputed)	N	Frontotemporal dementia	http://www.orpha.net/ORDO/Orphanet_282	GCST006148	Genome-wide genotyping array
2018-08-24	29724592	Pottier C	2018-04-30	Lancet Neurol	www.ncbi.nlm.nih.gov/pubmed/29724592	Potential genetic modifiers of disease risk and age at onset in patients with frontotemporal lobar degeneration and GRN mutations: a genome-wide association study.	Frontotemporal dementia with GRN mutation	382 European ancestry cases, 1,146 European ancestry controls	67 European ancestry cases, 1,798 European ancestry controls	11q13.2	11	66551842	ACTN3	ACTN3			ENSG00000248746			rs10791882-A	rs10791882	1	487444	intron_variant	0	0.39	5E-6	5.301029995663981		1.43	[1.23-1.67]	Illumina [7033776] (imputed)	N	Frontotemporal dementia	http://www.orpha.net/ORDO/Orphanet_282	GCST006148	Genome-wide genotyping array
2018-08-24	29724592	Pottier C	2018-04-30	Lancet Neurol	www.ncbi.nlm.nih.gov/pubmed/29724592	Potential genetic modifiers of disease risk and age at onset in patients with frontotemporal lobar degeneration and GRN mutations: a genome-wide association study.	Frontotemporal dementia with GRN mutation	382 European ancestry cases, 1,146 European ancestry controls	67 European ancestry cases, 1,798 European ancestry controls	12q23.1	12	96805878	NEDD1	CFAP54			ENSG00000188596			rs10860097-T	rs10860097	0	10860097	intron_variant	0	0.02	2E-6	5.698970004336019		3.04	[1.92-4.81]	Illumina [7033776] (imputed)	N	Frontotemporal dementia	http://www.orpha.net/ORDO/Orphanet_282	GCST006148	Genome-wide genotyping array
2018-08-24	29724592	Pottier C	2018-04-30	Lancet Neurol	www.ncbi.nlm.nih.gov/pubmed/29724592	Potential genetic modifiers of disease risk and age at onset in patients with frontotemporal lobar degeneration and GRN mutations: a genome-wide association study.	Frontotemporal dementia with GRN mutation	382 European ancestry cases, 1,146 European ancestry controls	67 European ancestry cases, 1,798 European ancestry controls	18q23	18	79168989	ATP9B	ATP9B			ENSG00000166377			rs7240419-A	rs7240419	0	7240419	intron_variant	0	0.23	1E-6	6.0		1.52	[1.28-1.79]	Illumina [7033776] (imputed)	N	Frontotemporal dementia	http://www.orpha.net/ORDO/Orphanet_282	GCST006148	Genome-wide genotyping array
2018-08-24	29724592	Pottier C	2018-04-30	Lancet Neurol	www.ncbi.nlm.nih.gov/pubmed/29724592	Potential genetic modifiers of disease risk and age at onset in patients with frontotemporal lobar degeneration and GRN mutations: a genome-wide association study.	Frontotemporal dementia with GRN mutation	382 European ancestry cases, 1,146 European ancestry controls	67 European ancestry cases, 1,798 European ancestry controls	20p11.21	20	24101942	FLJ33581	LINC01721			ENSG00000230133			rs6076187-A	rs6076187	0	6076187	intron_variant	0	0.04	9E-6	5.045757490560675		2.27	[1.58-3.26]	Illumina [7033776] (imputed)	N	Frontotemporal dementia	http://www.orpha.net/ORDO/Orphanet_282	GCST006148	Genome-wide genotyping array
2018-08-24	29724592	Pottier C	2018-04-30	Lancet Neurol	www.ncbi.nlm.nih.gov/pubmed/29724592	Potential genetic modifiers of disease risk and age at onset in patients with frontotemporal lobar degeneration and GRN mutations: a genome-wide association study.	Frontotemporal dementia with GRN mutation (age at onset)	382 European ancestry individuals	67 European ancestry individuals	7p21.3	7	7484595	COL28A1	COL28A1			ENSG00000215018			rs6962939-A	rs6962939	0	6962939	intron_variant	0	0.05	5E-6	5.301029995663981		5.76	[8.22-3.29] unit decrease	Illumina [7033776] (imputed)	N	age at onset, Frontotemporal dementia	http://www.ebi.ac.uk/efo/EFO_0004847, http://www.orpha.net/ORDO/Orphanet_282	GCST006149	Genome-wide genotyping array
2018-08-24	29724592	Pottier C	2018-04-30	Lancet Neurol	www.ncbi.nlm.nih.gov/pubmed/29724592	Potential genetic modifiers of disease risk and age at onset in patients with frontotemporal lobar degeneration and GRN mutations: a genome-wide association study.	Frontotemporal dementia with GRN mutation (age at onset)	382 European ancestry individuals	67 European ancestry individuals	7q21.3	7	96768767	SHFM1	SEM1 - MARK2P10	ENSG00000127922	ENSG00000227284		58876	89415	rs2922921-A	rs2922921	0	2922921	intergenic_variant	1	0.03	2E-6	5.698970004336019		9.5	[5.6-13.39] unit increase	Illumina [7033776] (imputed)	N	age at onset, Frontotemporal dementia	http://www.ebi.ac.uk/efo/EFO_0004847, http://www.orpha.net/ORDO/Orphanet_282	GCST006149	Genome-wide genotyping array
2018-08-24	29724592	Pottier C	2018-04-30	Lancet Neurol	www.ncbi.nlm.nih.gov/pubmed/29724592	Potential genetic modifiers of disease risk and age at onset in patients with frontotemporal lobar degeneration and GRN mutations: a genome-wide association study.	Frontotemporal dementia with GRN mutation (age at onset)	382 European ancestry individuals	67 European ancestry individuals	8q11.23	8	52168991	ST18	ST18			ENSG00000147488			rs9792144-G	rs9792144	0	9792144	intron_variant	0	0.14	9E-6	5.045757490560675		3.62	[2.03-5.22] unit increase	Illumina [7033776] (imputed)	N	age at onset, Frontotemporal dementia	http://www.ebi.ac.uk/efo/EFO_0004847, http://www.orpha.net/ORDO/Orphanet_282	GCST006149	Genome-wide genotyping array
2018-08-24	29724592	Pottier C	2018-04-30	Lancet Neurol	www.ncbi.nlm.nih.gov/pubmed/29724592	Potential genetic modifiers of disease risk and age at onset in patients with frontotemporal lobar degeneration and GRN mutations: a genome-wide association study.	Frontotemporal dementia with GRN mutation (age at onset)	382 European ancestry individuals	67 European ancestry individuals	8q21.13	8	79471267	STMN2	AC138646.1 - AC100870.1	ENSG00000253659	ENSG00000253391		156316	48878	rs3922636-A	rs3922636	0	3922636	intergenic_variant	1	0.37	4E-6	5.3979400086720375		2.98	[1.71-4.25] unit increase	Illumina [7033776] (imputed)	N	age at onset, Frontotemporal dementia	http://www.ebi.ac.uk/efo/EFO_0004847, http://www.orpha.net/ORDO/Orphanet_282	GCST006149	Genome-wide genotyping array
2018-08-24	29724592	Pottier C	2018-04-30	Lancet Neurol	www.ncbi.nlm.nih.gov/pubmed/29724592	Potential genetic modifiers of disease risk and age at onset in patients with frontotemporal lobar degeneration and GRN mutations: a genome-wide association study.	Frontotemporal dementia with GRN mutation (age at onset)	382 European ancestry individuals	67 European ancestry individuals	20p12.2	20	10922123	JAG1	AL050403.2			ENSG00000270792			rs6108746-C	rs6108746	0	6108746	intron_variant	0	0.22	7E-7	6.154901959985743		3.24	[1.96-4.52] unit increase	Illumina [7033776] (imputed)	N	age at onset, Frontotemporal dementia	http://www.ebi.ac.uk/efo/EFO_0004847, http://www.orpha.net/ORDO/Orphanet_282	GCST006149	Genome-wide genotyping array
2015-02-05	24943344	Ferrari R	2014-07-01	Lancet Neurol	www.ncbi.nlm.nih.gov/pubmed/24943344	Frontotemporal dementia and its subtypes: a genome-wide association study.	Frontotemporal dementia	1,377 European ancestry behavioural variant cases, 308 European ancestry Semantic dementia cases, 269 European ancestry Progressive nonfluent aphasia cases, 200 European ancestry Frontotremporal dementia with motor neuron disease cases, up to 4,308 European ancestry controls	690 European ancestry behavioural variant cases, 190 European ancestry Semantic dementia cases, 221 European ancestry Progressive nonfluent aphasia cases, 94 European ancestry Frontotremporal dementia with motor neuron disease cases, 177 European ancestry Frontotemporal lobar degeneration cases, up to 5,094 European ancestry controls	11q14.2	11	88143743	RAB38	RAB38			ENSG00000123892			rs302668-T	rs302668	0	302668	intron_variant	0	0.708	2E-7	6.698970004336019	(Behavioural variant FTD)	1.23	[1.09-1.41]	Illumina [6026385] (imputed)	N	Frontotemporal dementia	http://www.orpha.net/ORDO/Orphanet_282	GCST002516	Genome-wide genotyping array
2015-02-05	24943344	Ferrari R	2014-07-01	Lancet Neurol	www.ncbi.nlm.nih.gov/pubmed/24943344	Frontotemporal dementia and its subtypes: a genome-wide association study.	Frontotemporal dementia	1,377 European ancestry behavioural variant cases, 308 European ancestry Semantic dementia cases, 269 European ancestry Progressive nonfluent aphasia cases, 200 European ancestry Frontotremporal dementia with motor neuron disease cases, up to 4,308 European ancestry controls	690 European ancestry behavioural variant cases, 190 European ancestry Semantic dementia cases, 221 European ancestry Progressive nonfluent aphasia cases, 94 European ancestry Frontotremporal dementia with motor neuron disease cases, 177 European ancestry Frontotemporal lobar degeneration cases, up to 5,094 European ancestry controls	6p21.32	6	32461942	HLA-DRA, HLA-DRB5, BTNL2	HLA-DRB9, HLA-DRB9, HLA-DRB9, HLA-DRB9, HLA-DRB9, HLA-DRB9, HLA-DRB9, HLA-DRB9			ENSG00000234164, ENSG00000232705, ENSG00000228260, ENSG00000227526, ENSG00000196301, ENSG00000227384, ENSG00000237591, ENSG00000226035			rs9268856-C	rs9268856	0	9268856	intron_variant	0	0.748	6E-9	8.221848749616356	(All Frontotemporal dementia)	1.24	[1.16-1.32]	Illumina [6026385] (imputed)	N	Frontotemporal dementia	http://www.orpha.net/ORDO/Orphanet_282	GCST002516	Genome-wide genotyping array
