DATE ADDED TO CATALOG	PUBMEDID	FIRST AUTHOR	DATE	JOURNAL	LINK	STUDY	DISEASE/TRAIT	INITIAL SAMPLE SIZE	REPLICATION SAMPLE SIZE	REGION	CHR_ID	CHR_POS	REPORTED GENE(S)	MAPPED_GENE	UPSTREAM_GENE_ID	DOWNSTREAM_GENE_ID	SNP_GENE_IDS	UPSTREAM_GENE_DISTANCE	DOWNSTREAM_GENE_DISTANCE	STRONGEST SNP-RISK ALLELE	SNPS	MERGED	SNP_ID_CURRENT	CONTEXT	INTERGENIC	RISK ALLELE FREQUENCY	P-VALUE	PVALUE_MLOG	P-VALUE (TEXT)	OR or BETA	95% CI (TEXT)	PLATFORM [SNPS PASSING QC]	CNV	MAPPED_TRAIT	MAPPED_TRAIT_URI	STUDY ACCESSION	GENOTYPING TECHNOLOGY
2015-07-28	25188341	Beecham GW	2014-09-04	PLoS Genet	www.ncbi.nlm.nih.gov/pubmed/25188341	Genome-wide association meta-analysis of neuropathologic features of Alzheimer's disease and related dementias.	Lewy body disease	up to 3,526 individuals	NA	19q13.32	19	44908684	APOE, LOC100129500	APOE			ENSG00000130203			rs429358-C	rs429358	0	429358	missense_variant	0	0.732	1E-12	12.0	(Ordinal I)	0.4997	[0.36-0.64] unit decrease	Affymetrix, Illumina [NR] (imputed)	N	Lewy body dementia, Lewy body dementia measurement	http://www.ebi.ac.uk/efo/EFO_0006792, http://www.ebi.ac.uk/efo/EFO_0006799	GCST002591	Genome-wide genotyping array
2015-07-28	25188341	Beecham GW	2014-09-04	PLoS Genet	www.ncbi.nlm.nih.gov/pubmed/25188341	Genome-wide association meta-analysis of neuropathologic features of Alzheimer's disease and related dementias.	Lewy body disease	up to 3,526 individuals	NA				intergenic							chr4:185405621-A	chr4:185405621	0			1	0.0524	2E-6	5.698970004336019	(Ordinal I)	0.528	[0.31-0.74] unit increase	Affymetrix, Illumina [NR] (imputed)	N	Lewy body dementia, Lewy body dementia measurement	http://www.ebi.ac.uk/efo/EFO_0006792, http://www.ebi.ac.uk/efo/EFO_0006799	GCST002591	Genome-wide genotyping array
2015-07-28	25188341	Beecham GW	2014-09-04	PLoS Genet	www.ncbi.nlm.nih.gov/pubmed/25188341	Genome-wide association meta-analysis of neuropathologic features of Alzheimer's disease and related dementias.	Lewy body disease	up to 3,526 individuals	NA	9q21.32	9	83295597	FRMD3	FRMD3			ENSG00000172159			rs1570582-C	rs1570582	0	1570582	intron_variant	0	0.9471	2E-6	5.698970004336019	(Ordinal I)	0.5137	[0.3-0.73] unit decrease	Affymetrix, Illumina [NR] (imputed)	N	Lewy body dementia, Lewy body dementia measurement	http://www.ebi.ac.uk/efo/EFO_0006792, http://www.ebi.ac.uk/efo/EFO_0006799	GCST002591	Genome-wide genotyping array
2015-07-28	25188341	Beecham GW	2014-09-04	PLoS Genet	www.ncbi.nlm.nih.gov/pubmed/25188341	Genome-wide association meta-analysis of neuropathologic features of Alzheimer's disease and related dementias.	Lewy body disease	up to 3,526 individuals	NA				intergenic							chr12:85076811-C	chr12:85076811	0			1	0.966	3E-6	5.522878745280337	(Ordinal I)	0.7577	[0.44-1.07] unit decrease	Affymetrix, Illumina [NR] (imputed)	N	Lewy body dementia, Lewy body dementia measurement	http://www.ebi.ac.uk/efo/EFO_0006792, http://www.ebi.ac.uk/efo/EFO_0006799	GCST002591	Genome-wide genotyping array
2015-07-28	25188341	Beecham GW	2014-09-04	PLoS Genet	www.ncbi.nlm.nih.gov/pubmed/25188341	Genome-wide association meta-analysis of neuropathologic features of Alzheimer's disease and related dementias.	Lewy body disease	up to 3,526 individuals	NA				intergenic							chr1:228841770-A	chr1:228841770	0			1	0.1068	3E-6	5.522878745280337	(Ordinal I)	0.3993	[0.23-0.57] unit increase	Affymetrix, Illumina [NR] (imputed)	N	Lewy body dementia, Lewy body dementia measurement	http://www.ebi.ac.uk/efo/EFO_0006792, http://www.ebi.ac.uk/efo/EFO_0006799	GCST002591	Genome-wide genotyping array
2015-07-28	25188341	Beecham GW	2014-09-04	PLoS Genet	www.ncbi.nlm.nih.gov/pubmed/25188341	Genome-wide association meta-analysis of neuropathologic features of Alzheimer's disease and related dementias.	Lewy body disease	up to 3,526 individuals	NA	14q21.2	14	44213661	intergenic	LINC02307			ENSG00000258969			rs12590995-C	rs12590995	0	12590995	intron_variant	0	0.9191	3E-6	5.522878745280337	(Ordinal I)	0.4494	[0.26-0.64] unit decrease	Affymetrix, Illumina [NR] (imputed)	N	Lewy body dementia, Lewy body dementia measurement	http://www.ebi.ac.uk/efo/EFO_0006792, http://www.ebi.ac.uk/efo/EFO_0006799	GCST002591	Genome-wide genotyping array
2015-07-28	25188341	Beecham GW	2014-09-04	PLoS Genet	www.ncbi.nlm.nih.gov/pubmed/25188341	Genome-wide association meta-analysis of neuropathologic features of Alzheimer's disease and related dementias.	Lewy body disease	up to 3,526 individuals	NA	20q13.31	20	56679998	intergenic	RNU6-1146P - RN7SL170P	ENSG00000252091	ENSG00000241821		12467	8403	rs6127813-T	rs6127813	0	6127813	intergenic_variant	1	0.2983	3E-6	5.522878745280337	(Ordinal I)	0.2697	[0.16-0.38] unit decrease	Affymetrix, Illumina [NR] (imputed)	N	Lewy body dementia, Lewy body dementia measurement	http://www.ebi.ac.uk/efo/EFO_0006792, http://www.ebi.ac.uk/efo/EFO_0006799	GCST002591	Genome-wide genotyping array
2015-07-28	25188341	Beecham GW	2014-09-04	PLoS Genet	www.ncbi.nlm.nih.gov/pubmed/25188341	Genome-wide association meta-analysis of neuropathologic features of Alzheimer's disease and related dementias.	Lewy body disease	up to 3,526 individuals	NA	11p15.1	11	18276016	intergenic	SAA1 - HPS5	ENSG00000173432	ENSG00000110756		6039	2652	rs2124379-T	rs2124379	0	2124379	intergenic_variant	1	0.423	3E-6	5.522878745280337	(Ordinal I)	0.2774	[0.16-0.39] unit decrease	Affymetrix, Illumina [NR] (imputed)	N	Lewy body dementia, Lewy body dementia measurement	http://www.ebi.ac.uk/efo/EFO_0006792, http://www.ebi.ac.uk/efo/EFO_0006799	GCST002591	Genome-wide genotyping array
2015-07-28	25188341	Beecham GW	2014-09-04	PLoS Genet	www.ncbi.nlm.nih.gov/pubmed/25188341	Genome-wide association meta-analysis of neuropathologic features of Alzheimer's disease and related dementias.	Lewy body disease	up to 3,526 individuals	NA	11q13.5	11	77211536	MYO7A	MYO7A			ENSG00000137474			rs55770291-A	rs55770291	0	55770291	intron_variant	0	0.0114	4E-6	5.3979400086720375	(Ordinal I)	1.6201	[0.93-2.31] unit increase	Affymetrix, Illumina [NR] (imputed)	N	Lewy body dementia, Lewy body dementia measurement	http://www.ebi.ac.uk/efo/EFO_0006792, http://www.ebi.ac.uk/efo/EFO_0006799	GCST002591	Genome-wide genotyping array
2015-07-28	25188341	Beecham GW	2014-09-04	PLoS Genet	www.ncbi.nlm.nih.gov/pubmed/25188341	Genome-wide association meta-analysis of neuropathologic features of Alzheimer's disease and related dementias.	Lewy body disease	up to 3,526 individuals	NA	5q34	5	165705969	intergenic	AC008415.1			ENSG00000253693			rs262741-G	rs262741	0	262741	intron_variant	0	0.5416	5E-6	5.301029995663981	(Ordinal I)	0.2447	[0.14-0.35] unit increase	Affymetrix, Illumina [NR] (imputed)	N	Lewy body dementia, Lewy body dementia measurement	http://www.ebi.ac.uk/efo/EFO_0006792, http://www.ebi.ac.uk/efo/EFO_0006799	GCST002591	Genome-wide genotyping array
2015-07-28	25188341	Beecham GW	2014-09-04	PLoS Genet	www.ncbi.nlm.nih.gov/pubmed/25188341	Genome-wide association meta-analysis of neuropathologic features of Alzheimer's disease and related dementias.	Lewy body disease	up to 3,526 individuals	NA				GON4L							chr1:155733245-T	chr1:155733245	0			1	0.0602	5E-6	5.301029995663981	(Ordinal I)	0.7777	[0.44-1.11] unit increase	Affymetrix, Illumina [NR] (imputed)	N	Lewy body dementia, Lewy body dementia measurement	http://www.ebi.ac.uk/efo/EFO_0006792, http://www.ebi.ac.uk/efo/EFO_0006799	GCST002591	Genome-wide genotyping array
2015-07-28	25188341	Beecham GW	2014-09-04	PLoS Genet	www.ncbi.nlm.nih.gov/pubmed/25188341	Genome-wide association meta-analysis of neuropathologic features of Alzheimer's disease and related dementias.	Lewy body disease	up to 3,526 individuals	NA	7q31.33	7	124796085	intergenic	C7orf77 - POT1	ENSG00000275356	ENSG00000128513		5275	26301	rs28523990-T	rs28523990	0	28523990	intergenic_variant	1	0.282	7E-6	5.154901959985743	(Ordinal I)	0.2719	[0.15-0.39] unit decrease	Affymetrix, Illumina [NR] (imputed)	N	Lewy body dementia, Lewy body dementia measurement	http://www.ebi.ac.uk/efo/EFO_0006792, http://www.ebi.ac.uk/efo/EFO_0006799	GCST002591	Genome-wide genotyping array
2015-07-28	25188341	Beecham GW	2014-09-04	PLoS Genet	www.ncbi.nlm.nih.gov/pubmed/25188341	Genome-wide association meta-analysis of neuropathologic features of Alzheimer's disease and related dementias.	Lewy body disease	up to 3,526 individuals	NA	22q13.31	22	44127282	PARVB	PARVB			ENSG00000188677			rs133911-G	rs133911	0	133911	intron_variant	0	0.7038	7E-6	5.154901959985743	(Ordinal I)	0.3047	[0.17-0.44] unit decrease	Affymetrix, Illumina [NR] (imputed)	N	Lewy body dementia, Lewy body dementia measurement	http://www.ebi.ac.uk/efo/EFO_0006792, http://www.ebi.ac.uk/efo/EFO_0006799	GCST002591	Genome-wide genotyping array
2015-07-28	25188341	Beecham GW	2014-09-04	PLoS Genet	www.ncbi.nlm.nih.gov/pubmed/25188341	Genome-wide association meta-analysis of neuropathologic features of Alzheimer's disease and related dementias.	Lewy body disease	up to 3,526 individuals	NA	4q22.3	4	94555568	PDLIM5	PDLIM5			ENSG00000163110			rs2452591-A	rs2452591	0	2452591	intron_variant	0	0.3832	8E-6	5.096910013008056	(Ordinal I)	0.2693	[0.15-0.39] unit decrease	Affymetrix, Illumina [NR] (imputed)	N	Lewy body dementia, Lewy body dementia measurement	http://www.ebi.ac.uk/efo/EFO_0006792, http://www.ebi.ac.uk/efo/EFO_0006799	GCST002591	Genome-wide genotyping array
2015-07-28	25188341	Beecham GW	2014-09-04	PLoS Genet	www.ncbi.nlm.nih.gov/pubmed/25188341	Genome-wide association meta-analysis of neuropathologic features of Alzheimer's disease and related dementias.	Lewy body disease	up to 3,526 individuals	NA	10q26.13	10	123100510	intergenic	ACADSB - HMX3	ENSG00000196177	ENSG00000188620		42199	35460	rs7078209-G	rs7078209	0	7078209	intergenic_variant	1	0.6751	8E-6	5.096910013008056	(Ordinal I)	0.2658	[0.15-0.38] unit increase	Affymetrix, Illumina [NR] (imputed)	N	Lewy body dementia, Lewy body dementia measurement	http://www.ebi.ac.uk/efo/EFO_0006792, http://www.ebi.ac.uk/efo/EFO_0006799	GCST002591	Genome-wide genotyping array
2015-07-28	25188341	Beecham GW	2014-09-04	PLoS Genet	www.ncbi.nlm.nih.gov/pubmed/25188341	Genome-wide association meta-analysis of neuropathologic features of Alzheimer's disease and related dementias.	Lewy body disease	up to 3,526 individuals	NA	8q23.1	8	107146155	intergenic	AP003789.1 - AP000428.2	ENSG00000275905	ENSG00000287289		164584	14199	rs2584363-T	rs2584363	0	2584363	intergenic_variant	1	0.1921	8E-6	5.096910013008056	(Ordinal I)	0.3098	[0.17-0.45] unit decrease	Affymetrix, Illumina [NR] (imputed)	N	Lewy body dementia, Lewy body dementia measurement	http://www.ebi.ac.uk/efo/EFO_0006792, http://www.ebi.ac.uk/efo/EFO_0006799	GCST002591	Genome-wide genotyping array
2015-07-28	25188341	Beecham GW	2014-09-04	PLoS Genet	www.ncbi.nlm.nih.gov/pubmed/25188341	Genome-wide association meta-analysis of neuropathologic features of Alzheimer's disease and related dementias.	Lewy body disease	up to 3,526 individuals	NA	5p15.2	5	11370935	CTNND2	CTNND2			ENSG00000169862			rs6887317-A	rs6887317	0	6887317	intron_variant	0	0.407	9E-6	5.045757490560675	(Ordinal I)	0.2466	[0.14-0.36] unit increase	Affymetrix, Illumina [NR] (imputed)	N	Lewy body dementia, Lewy body dementia measurement	http://www.ebi.ac.uk/efo/EFO_0006792, http://www.ebi.ac.uk/efo/EFO_0006799	GCST002591	Genome-wide genotyping array
2015-07-28	25188341	Beecham GW	2014-09-04	PLoS Genet	www.ncbi.nlm.nih.gov/pubmed/25188341	Genome-wide association meta-analysis of neuropathologic features of Alzheimer's disease and related dementias.	Lewy body disease	up to 3,526 individuals	NA	13q14.3	13	52434913	VPS36	VPS36			ENSG00000136100			rs11148252-C	rs11148252	0	11148252	intron_variant	0	0.5913	9E-6	5.045757490560675	(Ordinal I)	0.2351	[0.13-0.34] unit decrease	Affymetrix, Illumina [NR] (imputed)	N	Lewy body dementia, Lewy body dementia measurement	http://www.ebi.ac.uk/efo/EFO_0006792, http://www.ebi.ac.uk/efo/EFO_0006799	GCST002591	Genome-wide genotyping array
2015-07-28	25188341	Beecham GW	2014-09-04	PLoS Genet	www.ncbi.nlm.nih.gov/pubmed/25188341	Genome-wide association meta-analysis of neuropathologic features of Alzheimer's disease and related dementias.	Lewy body disease	up to 3,526 individuals	NA	9q33.3	9	127271268	GARNL3	GARNL3			ENSG00000136895			rs913351-G	rs913351	0	913351	intron_variant	0	0.9798	9E-6	5.045757490560675	(Ordinal I)	0.811	[0.45-1.17] unit decrease	Affymetrix, Illumina [NR] (imputed)	N	Lewy body dementia, Lewy body dementia measurement	http://www.ebi.ac.uk/efo/EFO_0006792, http://www.ebi.ac.uk/efo/EFO_0006799	GCST002591	Genome-wide genotyping array
2015-07-28	25188341	Beecham GW	2014-09-04	PLoS Genet	www.ncbi.nlm.nih.gov/pubmed/25188341	Genome-wide association meta-analysis of neuropathologic features of Alzheimer's disease and related dementias.	Lewy body disease	up to 3,526 individuals	NA				GNB5							chr15:52443375-A	chr15:52443375	0			1	0.0103	9E-6	5.045757490560675	(Ordinal I)	2.0434	[1.14-2.95] unit increase	Affymetrix, Illumina [NR] (imputed)	N	Lewy body dementia, Lewy body dementia measurement	http://www.ebi.ac.uk/efo/EFO_0006792, http://www.ebi.ac.uk/efo/EFO_0006799	GCST002591	Genome-wide genotyping array
2015-07-28	25188341	Beecham GW	2014-09-04	PLoS Genet	www.ncbi.nlm.nih.gov/pubmed/25188341	Genome-wide association meta-analysis of neuropathologic features of Alzheimer's disease and related dementias.	Lewy body disease	up to 3,526 individuals	NA				SPHKAP							chr2:228891013-G	chr2:228891013	0			1	0.9785	6E-6	5.221848749616356	(Ordinal II)	1.1721	[0.66-1.68] unit decrease	Affymetrix, Illumina [NR] (imputed)	N	Lewy body dementia, Lewy body dementia measurement	http://www.ebi.ac.uk/efo/EFO_0006792, http://www.ebi.ac.uk/efo/EFO_0006799	GCST002591	Genome-wide genotyping array
2015-07-28	25188341	Beecham GW	2014-09-04	PLoS Genet	www.ncbi.nlm.nih.gov/pubmed/25188341	Genome-wide association meta-analysis of neuropathologic features of Alzheimer's disease and related dementias.	Lewy body disease	up to 3,526 individuals	NA				IRF2							chr4:185384861-G	chr4:185384861	0			1	0.9531	1E-6	6.0	(Ordinal II)	0.6523	[0.39-0.91] unit decrease	Affymetrix, Illumina [NR] (imputed)	N	Lewy body dementia, Lewy body dementia measurement	http://www.ebi.ac.uk/efo/EFO_0006792, http://www.ebi.ac.uk/efo/EFO_0006799	GCST002591	Genome-wide genotyping array
2015-07-28	25188341	Beecham GW	2014-09-04	PLoS Genet	www.ncbi.nlm.nih.gov/pubmed/25188341	Genome-wide association meta-analysis of neuropathologic features of Alzheimer's disease and related dementias.	Lewy body disease	up to 3,526 individuals	NA				intergenic							rs11739210-C	rs11739210	0	11739210		1	0.9824	8E-6	5.096910013008056	(Ordinal II)	1.1285	[0.63-1.62] unit decrease	Affymetrix, Illumina [NR] (imputed)	N	Lewy body dementia, Lewy body dementia measurement	http://www.ebi.ac.uk/efo/EFO_0006792, http://www.ebi.ac.uk/efo/EFO_0006799	GCST002591	Genome-wide genotyping array
2015-07-28	25188341	Beecham GW	2014-09-04	PLoS Genet	www.ncbi.nlm.nih.gov/pubmed/25188341	Genome-wide association meta-analysis of neuropathologic features of Alzheimer's disease and related dementias.	Lewy body disease	up to 3,526 individuals	NA	7q31.33	7	124822027	intergenic	C7orf77 - POT1	ENSG00000275356	ENSG00000128513		31217	359	rs727505-A	rs727505	0	727505	intergenic_variant	1	0.2875	6E-6	5.221848749616356	(Ordinal II)	0.2777	[0.16-0.4] unit decrease	Affymetrix, Illumina [NR] (imputed)	N	Lewy body dementia, Lewy body dementia measurement	http://www.ebi.ac.uk/efo/EFO_0006792, http://www.ebi.ac.uk/efo/EFO_0006799	GCST002591	Genome-wide genotyping array
2015-07-28	25188341	Beecham GW	2014-09-04	PLoS Genet	www.ncbi.nlm.nih.gov/pubmed/25188341	Genome-wide association meta-analysis of neuropathologic features of Alzheimer's disease and related dementias.	Lewy body disease	up to 3,526 individuals	NA	9q21.32	9	83295597	FRMD3	FRMD3			ENSG00000172159			rs1570582-C	rs1570582	0	1570582	intron_variant	0	0.9476	9E-6	5.045757490560675	(Ordinal II)	0.502	[0.28-0.72] unit decrease	Affymetrix, Illumina [NR] (imputed)	N	Lewy body dementia, Lewy body dementia measurement	http://www.ebi.ac.uk/efo/EFO_0006792, http://www.ebi.ac.uk/efo/EFO_0006799	GCST002591	Genome-wide genotyping array
2015-07-28	25188341	Beecham GW	2014-09-04	PLoS Genet	www.ncbi.nlm.nih.gov/pubmed/25188341	Genome-wide association meta-analysis of neuropathologic features of Alzheimer's disease and related dementias.	Lewy body disease	up to 3,526 individuals	NA	10q26.13	10	123100510	intergenic	ACADSB - HMX3	ENSG00000196177	ENSG00000188620		42199	35460	rs7078209-G	rs7078209	0	7078209	intergenic_variant	1	0.6747	5E-6	5.301029995663981	(Ordinal II)	0.2772	[0.16-0.4] unit increase	Affymetrix, Illumina [NR] (imputed)	N	Lewy body dementia, Lewy body dementia measurement	http://www.ebi.ac.uk/efo/EFO_0006792, http://www.ebi.ac.uk/efo/EFO_0006799	GCST002591	Genome-wide genotyping array
2015-07-28	25188341	Beecham GW	2014-09-04	PLoS Genet	www.ncbi.nlm.nih.gov/pubmed/25188341	Genome-wide association meta-analysis of neuropathologic features of Alzheimer's disease and related dementias.	Lewy body disease	up to 3,526 individuals	NA	11p15.1	11	18270189	intergenic	SAA1 - HPS5	ENSG00000173432	ENSG00000110756		212	8479	rs11024598-G	rs11024598	0	11024598	intergenic_variant	1	0.4741	9E-6	5.045757490560675	(Ordinal II)	0.2593	[0.14-0.37] unit increase	Affymetrix, Illumina [NR] (imputed)	N	Lewy body dementia, Lewy body dementia measurement	http://www.ebi.ac.uk/efo/EFO_0006792, http://www.ebi.ac.uk/efo/EFO_0006799	GCST002591	Genome-wide genotyping array
2015-07-28	25188341	Beecham GW	2014-09-04	PLoS Genet	www.ncbi.nlm.nih.gov/pubmed/25188341	Genome-wide association meta-analysis of neuropathologic features of Alzheimer's disease and related dementias.	Lewy body disease	up to 3,526 individuals	NA	12q21.31	12	85865680	intergenic	RASSF9 - NTS	ENSG00000198774	ENSG00000133636		29271	8615	rs7132746-C	rs7132746	0	7132746	intergenic_variant	1	0.8751	2E-6	5.698970004336019	(Ordinal II)	0.3623	[0.21-0.51] unit decrease	Affymetrix, Illumina [NR] (imputed)	N	Lewy body dementia, Lewy body dementia measurement	http://www.ebi.ac.uk/efo/EFO_0006792, http://www.ebi.ac.uk/efo/EFO_0006799	GCST002591	Genome-wide genotyping array
2015-07-28	25188341	Beecham GW	2014-09-04	PLoS Genet	www.ncbi.nlm.nih.gov/pubmed/25188341	Genome-wide association meta-analysis of neuropathologic features of Alzheimer's disease and related dementias.	Lewy body disease	up to 3,526 individuals	NA	14q21.2	14	44213661	intergenic	LINC02307			ENSG00000258969			rs12590995-C	rs12590995	0	12590995	intron_variant	0	0.9192	5E-6	5.301029995663981	(Ordinal II)	0.4532	[0.26-0.65] unit decrease	Affymetrix, Illumina [NR] (imputed)	N	Lewy body dementia, Lewy body dementia measurement	http://www.ebi.ac.uk/efo/EFO_0006792, http://www.ebi.ac.uk/efo/EFO_0006799	GCST002591	Genome-wide genotyping array
2015-07-28	25188341	Beecham GW	2014-09-04	PLoS Genet	www.ncbi.nlm.nih.gov/pubmed/25188341	Genome-wide association meta-analysis of neuropathologic features of Alzheimer's disease and related dementias.	Lewy body disease	up to 3,526 individuals	NA	19q13.32	19	44908684	APOE, LOC100129500	APOE			ENSG00000130203			rs429358-C	rs429358	0	429358	missense_variant	0	0.7347	5E-12	11.301029995663981	(Ordinal II)	0.508	[0.36-0.65] unit decrease	Affymetrix, Illumina [NR] (imputed)	N	Lewy body dementia, Lewy body dementia measurement	http://www.ebi.ac.uk/efo/EFO_0006792, http://www.ebi.ac.uk/efo/EFO_0006799	GCST002591	Genome-wide genotyping array
2015-07-28	25188341	Beecham GW	2014-09-04	PLoS Genet	www.ncbi.nlm.nih.gov/pubmed/25188341	Genome-wide association meta-analysis of neuropathologic features of Alzheimer's disease and related dementias.	Lewy body disease	up to 3,526 individuals	NA	20q13.31	20	56679998	intergenic	RNU6-1146P - RN7SL170P	ENSG00000252091	ENSG00000241821		12467	8403	rs6127813-T	rs6127813	0	6127813	intergenic_variant	1	0.2985	2E-6	5.698970004336019	(Ordinal II)	0.2843	[0.17-0.4] unit decrease	Affymetrix, Illumina [NR] (imputed)	N	Lewy body dementia, Lewy body dementia measurement	http://www.ebi.ac.uk/efo/EFO_0006792, http://www.ebi.ac.uk/efo/EFO_0006799	GCST002591	Genome-wide genotyping array
2015-07-28	25188341	Beecham GW	2014-09-04	PLoS Genet	www.ncbi.nlm.nih.gov/pubmed/25188341	Genome-wide association meta-analysis of neuropathologic features of Alzheimer's disease and related dementias.	Lewy body disease	up to 3,526 individuals	NA				SPHKAP							chr2:228891013-G	chr2:228891013-G	0			1	0.9785	8E-6	5.096910013008056	(Case/control)	1.1951	[0.67-1.72] unit decrease	Affymetrix, Illumina [NR] (imputed)	N	Lewy body dementia, Lewy body dementia measurement	http://www.ebi.ac.uk/efo/EFO_0006792, http://www.ebi.ac.uk/efo/EFO_0006799	GCST002591	Genome-wide genotyping array
2015-07-28	25188341	Beecham GW	2014-09-04	PLoS Genet	www.ncbi.nlm.nih.gov/pubmed/25188341	Genome-wide association meta-analysis of neuropathologic features of Alzheimer's disease and related dementias.	Lewy body disease	up to 3,526 individuals	NA				IRF2							chr4:185384861-G	chr4:185384861	0			1	0.9531	9E-7	6.045757490560675	(Case/control)	0.659	[0.4-0.92] unit decrease	Affymetrix, Illumina [NR] (imputed)	N	Lewy body dementia, Lewy body dementia measurement	http://www.ebi.ac.uk/efo/EFO_0006792, http://www.ebi.ac.uk/efo/EFO_0006799	GCST002591	Genome-wide genotyping array
2015-07-28	25188341	Beecham GW	2014-09-04	PLoS Genet	www.ncbi.nlm.nih.gov/pubmed/25188341	Genome-wide association meta-analysis of neuropathologic features of Alzheimer's disease and related dementias.	Lewy body disease	up to 3,526 individuals	NA	7q31.33	7	124822027	intergenic	C7orf77 - POT1	ENSG00000275356	ENSG00000128513		31217	359	rs727505-A	rs727505	0	727505	intergenic_variant	1	0.2876	5E-6	5.301029995663981	(Case/control)	0.2807	[0.25-0.31] unit decrease	Affymetrix, Illumina [NR] (imputed)	N	Lewy body dementia, Lewy body dementia measurement	http://www.ebi.ac.uk/efo/EFO_0006792, http://www.ebi.ac.uk/efo/EFO_0006799	GCST002591	Genome-wide genotyping array
2015-07-28	25188341	Beecham GW	2014-09-04	PLoS Genet	www.ncbi.nlm.nih.gov/pubmed/25188341	Genome-wide association meta-analysis of neuropathologic features of Alzheimer's disease and related dementias.	Lewy body disease	up to 3,526 individuals	NA	10q26.13	10	123100510	intergenic	ACADSB - HMX3	ENSG00000196177	ENSG00000188620		42199	35460	rs7078209-G	rs7078209	0	7078209	intergenic_variant	1	0.6744	4E-6	5.3979400086720375	(Case/control)	0.2812	[0.16-0.4] unit increase	Affymetrix, Illumina [NR] (imputed)	N	Lewy body dementia, Lewy body dementia measurement	http://www.ebi.ac.uk/efo/EFO_0006792, http://www.ebi.ac.uk/efo/EFO_0006799	GCST002591	Genome-wide genotyping array
2015-07-28	25188341	Beecham GW	2014-09-04	PLoS Genet	www.ncbi.nlm.nih.gov/pubmed/25188341	Genome-wide association meta-analysis of neuropathologic features of Alzheimer's disease and related dementias.	Lewy body disease	up to 3,526 individuals	NA	11p15.1	11	18270189	intergenic	SAA1 - HPS5	ENSG00000173432	ENSG00000110756		212	8479	rs11024598-G	rs11024598	0	11024598	intergenic_variant	1	0.4743	8E-6	5.096910013008056	(Case/control)	0.262	[0.15-0.38] unit increase	Affymetrix, Illumina [NR] (imputed)	N	Lewy body dementia, Lewy body dementia measurement	http://www.ebi.ac.uk/efo/EFO_0006792, http://www.ebi.ac.uk/efo/EFO_0006799	GCST002591	Genome-wide genotyping array
2015-07-28	25188341	Beecham GW	2014-09-04	PLoS Genet	www.ncbi.nlm.nih.gov/pubmed/25188341	Genome-wide association meta-analysis of neuropathologic features of Alzheimer's disease and related dementias.	Lewy body disease	up to 3,526 individuals	NA	12q21.31	12	85865680	intergenic	RASSF9 - NTS	ENSG00000198774	ENSG00000133636		29271	8615	rs7132746-C	rs7132746	0	7132746	intergenic_variant	1	0.8751	9E-6	5.045757490560675	(Case/control)	0.3439	[0.19-0.5] unit decrease	Affymetrix, Illumina [NR] (imputed)	N	Lewy body dementia, Lewy body dementia measurement	http://www.ebi.ac.uk/efo/EFO_0006792, http://www.ebi.ac.uk/efo/EFO_0006799	GCST002591	Genome-wide genotyping array
2015-07-28	25188341	Beecham GW	2014-09-04	PLoS Genet	www.ncbi.nlm.nih.gov/pubmed/25188341	Genome-wide association meta-analysis of neuropathologic features of Alzheimer's disease and related dementias.	Lewy body disease	up to 3,526 individuals	NA	14q21.1	14	38172501	intergenic	AL392023.2			ENSG00000259048			rs2803904-C	rs2803904	0	2803904	intron_variant	0	0.5791	5E-6	5.301029995663981	(Case/control)	0.2574	[0.15-0.37] unit increase	Affymetrix, Illumina [NR] (imputed)	N	Lewy body dementia, Lewy body dementia measurement	http://www.ebi.ac.uk/efo/EFO_0006792, http://www.ebi.ac.uk/efo/EFO_0006799	GCST002591	Genome-wide genotyping array
2015-07-28	25188341	Beecham GW	2014-09-04	PLoS Genet	www.ncbi.nlm.nih.gov/pubmed/25188341	Genome-wide association meta-analysis of neuropathologic features of Alzheimer's disease and related dementias.	Lewy body disease	up to 3,526 individuals	NA	19q13.32	19	44908684	APOE, LOC100129500	APOE			ENSG00000130203			rs429358-C	rs429358	0	429358	missense_variant	0	0.7344	3E-11	10.522878745280337	(Case/control)	0.4905	[0.35-0.63] unit decrease	Affymetrix, Illumina [NR] (imputed)	N	Lewy body dementia, Lewy body dementia measurement	http://www.ebi.ac.uk/efo/EFO_0006792, http://www.ebi.ac.uk/efo/EFO_0006799	GCST002591	Genome-wide genotyping array
2015-07-28	25188341	Beecham GW	2014-09-04	PLoS Genet	www.ncbi.nlm.nih.gov/pubmed/25188341	Genome-wide association meta-analysis of neuropathologic features of Alzheimer's disease and related dementias.	Lewy body disease	up to 3,526 individuals	NA	20q13.31	20	56679998	intergenic	RNU6-1146P - RN7SL170P	ENSG00000252091	ENSG00000241821		12467	8403	rs6127813-T	rs6127813	0	6127813	intergenic_variant	1	0.2984	2E-6	5.698970004336019	(Case/control)	0.282	[0.16-0.4] unit decrease	Affymetrix, Illumina [NR] (imputed)	N	Lewy body dementia, Lewy body dementia measurement	http://www.ebi.ac.uk/efo/EFO_0006792, http://www.ebi.ac.uk/efo/EFO_0006799	GCST002591	Genome-wide genotyping array
2019-06-03	31065058	Rongve A	2019-05-07	Sci Rep	www.ncbi.nlm.nih.gov/pubmed/31065058	GBA and APOE ε4 associate with sporadic dementia with Lewy bodies in European genome wide association study.	Dementia with Lewy bodies	720 European ancestry cases, 6,490 European ancestry controls	108 European ancestry cases, 75,545 European ancestry controls	19q13.32	19	44908684	APOE	APOE			ENSG00000130203			rs429358-?	rs429358	0	429358	missense_variant	0	NR	6E-17	16.221848749616356		2.28	[NR]	Illumina [6963063] (imputed)	N	Lewy body dementia	http://www.ebi.ac.uk/efo/EFO_0006792	GCST007881	Genome-wide genotyping array
2019-06-03	31065058	Rongve A	2019-05-07	Sci Rep	www.ncbi.nlm.nih.gov/pubmed/31065058	GBA and APOE ε4 associate with sporadic dementia with Lewy bodies in European genome wide association study.	Dementia with Lewy bodies	720 European ancestry cases, 6,490 European ancestry controls	108 European ancestry cases, 75,545 European ancestry controls	1q22	1	155419060	ASH1L, GBA	ASH1L			ENSG00000116539			rs12734374-?	rs12734374	0	12734374	intron_variant	0	NR	1E-9	9.0		4.31	[NR]	Illumina [6963063] (imputed)	N	Lewy body dementia	http://www.ebi.ac.uk/efo/EFO_0006792	GCST007881	Genome-wide genotyping array
2018-02-09	29263008	Guerreiro R	2018-01-01	Lancet Neurol	www.ncbi.nlm.nih.gov/pubmed/29263008	Investigating the genetic architecture of dementia with Lewy bodies: a two-stage genome-wide association study.	Dementia with Lewy bodies	1,216 European ancestry cases, 3,791 European ancestry controls	527 European ancestry cases, 663 European ancestry controls	19q13.32	19	44908684	APOE	APOE			ENSG00000130203			rs429358-C	rs429358	0	429358	missense_variant	0	0.14	3E-64	63.52287874528034		2.46	[2.22-2.74]	Illumina [8397716] (imputed)	N	Lewy body dementia	http://www.ebi.ac.uk/efo/EFO_0006792	GCST005276	Genome-wide genotyping array
2018-02-09	29263008	Guerreiro R	2018-01-01	Lancet Neurol	www.ncbi.nlm.nih.gov/pubmed/29263008	Investigating the genetic architecture of dementia with Lewy bodies: a two-stage genome-wide association study.	Dementia with Lewy bodies	1,216 European ancestry cases, 3,791 European ancestry controls	527 European ancestry cases, 663 European ancestry controls	4q22.1	4	89835399	SNCA	SNCA			ENSG00000145335			rs7681440-?	rs7681440	0	7681440	intron_variant	0	0.52	9E-13	12.045757490560675		1.369863	[1.27-1.49]	Illumina [8397716] (imputed)	N	Lewy body dementia	http://www.ebi.ac.uk/efo/EFO_0006792	GCST005276	Genome-wide genotyping array
2018-02-09	29263008	Guerreiro R	2018-01-01	Lancet Neurol	www.ncbi.nlm.nih.gov/pubmed/29263008	Investigating the genetic architecture of dementia with Lewy bodies: a two-stage genome-wide association study.	Dementia with Lewy bodies	1,216 European ancestry cases, 3,791 European ancestry controls	527 European ancestry cases, 663 European ancestry controls	1q22	1	155162560	GBA	HMGN2P18 - KRTCAP2	ENSG00000223452	ENSG00000163463		13747	6848	rs35749011-G	rs35749011	0	35749011	intergenic_variant	1	0.014	7E-10	9.154901959985743		2.27	[1.75-2.95]	Illumina [8397716] (imputed)	N	Lewy body dementia	http://www.ebi.ac.uk/efo/EFO_0006792	GCST005276	Genome-wide genotyping array
2018-02-09	29263008	Guerreiro R	2018-01-01	Lancet Neurol	www.ncbi.nlm.nih.gov/pubmed/29263008	Investigating the genetic architecture of dementia with Lewy bodies: a two-stage genome-wide association study.	Dementia with Lewy bodies	1,216 European ancestry cases, 3,791 European ancestry controls	527 European ancestry cases, 663 European ancestry controls	16p11.2	16	30875322	BCL7C, STX1B	MIR4519, MIR762HG, BCL7C			ENSG00000265991, ENSG00000260083, ENSG00000099385			rs897984-?	rs897984	0	897984	non_coding_transcript_exon_variant	0	0.6	1E-8	8.0		1.2987013	[1.18-1.41]	Illumina [8397716] (imputed)	N	Lewy body dementia	http://www.ebi.ac.uk/efo/EFO_0006792	GCST005276	Genome-wide genotyping array
